Order ID,Date,Customer ID,Item Code,Dish,Category,Quantity,Unit Price (₦),Discount %,Revenue (₦),Unit Cost (₦),Total Cost (₦),Gross Profit (₦),Order Channel,Payment Method,Meal Period,Hour,Rating
ORD-00091,46023,CUST-0083,FD003,Fried Rice & Chicken,Rice Meals,2,3000,0,6000,1580,3160,2840,Takeaway,POS,Dinner,20,
ORD-00465,46023,CUST-0299,FD002,Jollof Rice & Chicken,Rice Meals,1,2800,0,2800,1450,1450,1350,Walk-in,Cash,Breakfast,9,3
ORD-00525,46023,CUST-0359,FD002,Jollof Rice & Chicken,Rice Meals,2,2800,0,5600,1450,2900,2700,Takeaway,Transfer,Dinner,18,4
ORD-00664,46023,CUST-0399,FD003,Fried Rice & Chicken,Rice Meals,3,3000,0,9000,1580,4740,4260,Walk-in,POS,Lunch,11,5
ORD-00696,46023,CUST-0184,FD011,Bottled Water,Beverages,1,300,0,300,120,120,180,Walk-in,POS,Dinner,20,3
ORD-00793,46023,CUST-0382,FD002,Jollof Rice & Chicken,Rice Meals,1,2800,0,2800,1450,1450,1350,Walk-in,Transfer,Dinner,18,
ORD-01035,46023,CUST-0636,FD001,White Rice & Stew,Rice Meals,1,1800,0,1800,820,820,980,Walk-in,POS,Lunch,14,5
ORD-01098,46023,CUST-0060,FD008,Pounded Yam & Vegetable Soup,Swallow,2,3200,0,6400,1710,3420,2980,Walk-in,Transfer,Dinner,20,
ORD-01118,46023,CUST-0567,FD003,Fried Rice & Chicken,Rice Meals,2,3000,0,6000,1580,3160,2840,Walk-in,Transfer,Lunch,13,4
ORD-01419,46023,CUST-0551,FD001,White Rice & Stew,Rice Meals,2,1800,0,3600,820,1640,1960,Walk-in,Transfer,Lunch,15,5
ORD-01666,46023,CUST-0194,FD011,Bottled Water,Beverages,2,300,0,600,120,240,360,Takeaway,POS,Lunch,12,4
ORD-01680,46023,CUST-0363,FD002,Jollof Rice & Chicken,Rice Meals,4,2800,0,11200,1450,5800,5400,Delivery,POS,Dinner,20,5
ORD-00250,46024,CUST-0529,FD007,Amala & Ewedu,Swallow,2,2500,0,5000,1250,2500,2500,Walk-in,Cash,Lunch,15,3
ORD-00263,46024,CUST-0548,FD001,White Rice & Stew,Rice Meals,2,1800,0,3600,820,1640,1960,Walk-in,POS,Dinner,17,4
ORD-00720,46024,CUST-0253,FD001,White Rice & Stew,Rice Meals,4,1800,0,7200,820,3280,3920,Walk-in,Transfer,Lunch,12,
ORD-00755,46024,CUST-0031,FD004,Beans & Plantain,Traditional Meals,3,2000,0,6000,960,2880,3120,Delivery,POS,Lunch,13,5
ORD-00816,46024,CUST-0203,FD003,Fried Rice & Chicken,Rice Meals,3,3000,0,9000,1580,4740,4260,Walk-in,Transfer,Dinner,17,4
ORD-00980,46024,CUST-0528,FD001,White Rice & Stew,Rice Meals,3,1800,0.05,5130,820,2460,2670,Walk-in,Transfer,Breakfast,9,4
ORD-01483,46024,CUST-0058,FD002,Jollof Rice & Chicken,Rice Meals,3,2800,0,8400,1450,4350,4050,Walk-in,Cash,Breakfast,10,5
ORD-00568,46025,CUST-0221,FD002,Jollof Rice & Chicken,Rice Meals,2,2800,0,5600,1450,2900,2700,Walk-in,POS,Lunch,15,5
ORD-00599,46025,CUST-0442,FD002,Jollof Rice & Chicken,Rice Meals,1,2800,0,2800,1450,1450,1350,Delivery,POS,Lunch,12,4
ORD-00669,46025,CUST-0602,FD003,Fried Rice & Chicken,Rice Meals,4,3000,0,12000,1580,6320,5680,Takeaway,POS,Dinner,19,4
ORD-00711,46025,CUST-0359,FD004,Beans & Plantain,Traditional Meals,1,2000,0,2000,960,960,1040,Walk-in,Transfer,Dinner,18,4
ORD-01577,46025,CUST-0113,FD008,Pounded Yam & Vegetable Soup,Swallow,2,3200,0,6400,1710,3420,2980,Takeaway,POS,Breakfast,8,5
ORD-00323,46026,CUST-0599,FD008,Pounded Yam & Vegetable Soup,Swallow,4,3200,0,12800,1710,6840,5960,Delivery,Transfer,Breakfast,9,3
ORD-00378,46026,CUST-0607,FD002,Jollof Rice & Chicken,Rice Meals,4,2800,0,11200,1450,5800,5400,Walk-in,Cash,Lunch,13,3
ORD-00666,46026,CUST-0615,FD004,Beans & Plantain,Traditional Meals,1,2000,0,2000,960,960,1040,Delivery,Transfer,Lunch,14,5
ORD-00678,46026,CUST-0086,FD001,White Rice & Stew,Rice Meals,2,1800,0,3600,820,1640,1960,Walk-in,POS,Dinner,19,
ORD-01350,46026,CUST-0310,FD003,Fried Rice & Chicken,Rice Meals,1,3000,0,3000,1580,1580,1420,Delivery,POS,Dinner,16,5
ORD-01753,46026,CUST-0460,FD003,Fried Rice & Chicken,Rice Meals,1,3000,0,3000,1580,1580,1420,Walk-in,Transfer,Breakfast,10,5
ORD-01788,46026,CUST-0574,FD002,Jollof Rice & Chicken,Rice Meals,1,2800,0,2800,1450,1450,1350,Walk-in,Cash,Lunch,13,5
ORD-00672,46027,CUST-0281,FD002,Jollof Rice & Chicken,Rice Meals,3,2800,0,8400,1450,4350,4050,Takeaway,Cash,Lunch,13,5
ORD-00712,46027,CUST-0049,FD005,Yam Porridge,Traditional Meals,3,2200,0,6600,1050,3150,3450,Walk-in,POS,Breakfast,9,4
ORD-01381,46027,CUST-0035,FD005,Yam Porridge,Traditional Meals,1,2200,0,2200,1050,1050,1150,Walk-in,Transfer,Lunch,13,5
ORD-01490,46027,CUST-0425,FD003,Fried Rice & Chicken,Rice Meals,2,3000,0,6000,1580,3160,2840,Walk-in,Cash,Dinner,18,4
ORD-01668,46027,CUST-0167,FD004,Beans & Plantain,Traditional Meals,3,2000,0,6000,960,2880,3120,Walk-in,POS,Breakfast,10,4
ORD-00004,46028,CUST-0167,FD001,White Rice & Stew,Rice Meals,2,1800,0,3600,820,1640,1960,Takeaway,Transfer,Lunch,13,4
ORD-00017,46028,CUST-0618,FD003,Fried Rice & Chicken,Rice Meals,4,3000,0,12000,1580,6320,5680,Takeaway,POS,Lunch,11,3
ORD-00077,46028,CUST-0562,FD002,Jollof Rice & Chicken,Rice Meals,2,2800,0,5600,1450,2900,2700,Walk-in,POS,Lunch,11,4
ORD-00314,46028,CUST-0015,FD004,Beans & Plantain,Traditional Meals,2,2000,0,4000,960,1920,2080,Delivery,Transfer,Dinner,20,4
ORD-00641,46028,CUST-0093,FD008,Pounded Yam & Vegetable Soup,Swallow,4,3200,0,12800,1710,6840,5960,Walk-in,Cash,Lunch,12,3
ORD-00751,46028,CUST-0221,FD004,Beans & Plantain,Traditional Meals,1,2000,0,2000,960,960,1040,Delivery,Cash,Lunch,11,3
ORD-00769,46028,CUST-0385,FD001,White Rice & Stew,Rice Meals,1,1800,0,1800,820,820,980,Takeaway,POS,Lunch,12,3
ORD-01030,46028,CUST-0503,FD002,Jollof Rice & Chicken,Rice Meals,4,2800,0,11200,1450,5800,5400,Delivery,POS,Lunch,12,5
ORD-01048,46028,CUST-0089,FD004,Beans & Plantain,Traditional Meals,2,2000,0,4000,960,1920,2080,Walk-in,Transfer,Breakfast,10,3
ORD-01383,46028,CUST-0038,FD005,Yam Porridge,Traditional Meals,4,2200,0,8800,1050,4200,4600,Takeaway,Cash,Dinner,17,5
ORD-01394,46028,CUST-0020,FD003,Fried Rice & Chicken,Rice Meals,3,3000,0,9000,1580,4740,4260,Takeaway,POS,Lunch,14,5
ORD-01484,46028,CUST-0211,FD008,Pounded Yam & Vegetable Soup,Swallow,2,3200,0,6400,1710,3420,2980,Walk-in,Transfer,Breakfast,10,3
ORD-01500,46028,CUST-0319,FD006,Eba & Egusi Soup,Swallow,4,2600,0,10400,1320,5280,5120,Delivery,Transfer,Breakfast,10,5
ORD-01585,46028,CUST-0437,FD007,Amala & Ewedu,Swallow,3,2500,0,7500,1250,3750,3750,Walk-in,POS,Lunch,13,
ORD-00018,46029,CUST-0473,FD001,White Rice & Stew,Rice Meals,4,1800,0,7200,820,3280,3920,Takeaway,POS,Lunch,11,4
ORD-00392,46029,CUST-0582,FD002,Jollof Rice & Chicken,Rice Meals,2,2800,0,5600,1450,2900,2700,Walk-in,Transfer,Lunch,15,5
ORD-00556,46029,CUST-0503,FD004,Beans & Plantain,Traditional Meals,3,2000,0,6000,960,2880,3120,Walk-in,Transfer,Lunch,13,4
ORD-00918,46029,CUST-0496,FD003,Fried Rice & Chicken,Rice Meals,4,3000,0.05,11400,1580,6320,5080,Takeaway,Transfer,Lunch,11,5
ORD-01006,46029,CUST-0218,FD002,Jollof Rice & Chicken,Rice Meals,3,2800,0,8400,1450,4350,4050,Delivery,Cash,Lunch,12,4
ORD-01604,46029,CUST-0145,FD004,Beans & Plantain,Traditional Meals,2,2000,0,4000,960,1920,2080,Walk-in,Cash,Lunch,12,3
ORD-01779,46029,CUST-0059,FD005,Yam Porridge,Traditional Meals,1,2200,0,2200,1050,1050,1150,Walk-in,Cash,Lunch,14,4
ORD-00269,46030,CUST-0123,FD005,Yam Porridge,Traditional Meals,3,2200,0,6600,1050,3150,3450,Walk-in,POS,Lunch,13,5
ORD-00405,46030,CUST-0319,FD009,Moi Moi,Sides,2,900,0,1800,380,760,1040,Takeaway,Cash,Lunch,11,4
ORD-00548,46030,CUST-0082,FD004,Beans & Plantain,Traditional Meals,3,2000,0,6000,960,2880,3120,Walk-in,POS,Lunch,12,5
ORD-00965,46030,CUST-0197,FD002,Jollof Rice & Chicken,Rice Meals,3,2800,0.05,7980,1450,4350,3630,Walk-in,Cash,Lunch,14,4
ORD-00616,46031,CUST-0496,FD001,White Rice & Stew,Rice Meals,1,1800,0,1800,820,820,980,Delivery,Transfer,Lunch,11,4
ORD-00709,46031,CUST-0307,FD001,White Rice & Stew,Rice Meals,4,1800,0,7200,820,3280,3920,Takeaway,Transfer,Lunch,12,4
ORD-00895,46031,CUST-0346,FD005,Yam Porridge,Traditional Meals,2,2200,0,4400,1050,2100,2300,Walk-in,Transfer,Lunch,13,3
ORD-01327,46031,CUST-0322,FD006,Eba & Egusi Soup,Swallow,1,2600,0,2600,1320,1320,1280,Takeaway,POS,Lunch,15,4
ORD-01489,46031,CUST-0616,FD006,Eba & Egusi Soup,Swallow,3,2600,0,7800,1320,3960,3840,Walk-in,POS,Dinner,17,3
ORD-01613,46031,CUST-0385,FD007,Amala & Ewedu,Swallow,1,2500,0,2500,1250,1250,1250,Walk-in,POS,Lunch,11,5
ORD-01715,46031,CUST-0335,FD008,Pounded Yam & Vegetable Soup,Swallow,2,3200,0,6400,1710,3420,2980,Walk-in,POS,Dinner,16,5
ORD-01765,46031,CUST-0124,FD003,Fried Rice & Chicken,Rice Meals,2,3000,0,6000,1580,3160,2840,Walk-in,POS,Lunch,13,
ORD-00016,46032,CUST-0365,FD012,Fried Plantain,Sides,4,700,0.05,2660,300,1200,1460,Takeaway,Transfer,Lunch,15,5
ORD-00357,46032,CUST-0269,FD006,Eba & Egusi Soup,Swallow,1,2600,0,2600,1320,1320,1280,Walk-in,Transfer,Breakfast,8,5
ORD-00674,46032,CUST-0337,FD003,Fried Rice & Chicken,Rice Meals,3,3000,0,9000,1580,4740,4260,Takeaway,Transfer,Dinner,18,5
ORD-00830,46032,CUST-0472,FD003,Fried Rice & Chicken,Rice Meals,4,3000,0,12000,1580,6320,5680,Walk-in,Transfer,Breakfast,9,
ORD-01058,46032,CUST-0116,FD007,Amala & Ewedu,Swallow,1,2500,0,2500,1250,1250,1250,Walk-in,Transfer,Dinner,20,4
ORD-01187,46032,CUST-0079,FD001,White Rice & Stew,Rice Meals,3,1800,0,5400,820,2460,2940,Walk-in,POS,Lunch,11,4
ORD-01213,46032,CUST-0295,FD003,Fried Rice & Chicken,Rice Meals,4,3000,0,12000,1580,6320,5680,Walk-in,POS,Dinner,19,5
ORD-01365,46032,CUST-0359,FD008,Pounded Yam & Vegetable Soup,Swallow,2,3200,0,6400,1710,3420,2980,Walk-in,Transfer,Lunch,11,4
ORD-01533,46032,CUST-0287,FD002,Jollof Rice & Chicken,Rice Meals,2,2800,0,5600,1450,2900,2700,Takeaway,POS,Lunch,14,5
ORD-01592,46032,CUST-0036,FD001,White Rice & Stew,Rice Meals,4,1800,0,7200,820,3280,3920,Walk-in,Transfer,Lunch,11,4
ORD-01698,46032,CUST-0471,FD007,Amala & Ewedu,Swallow,2,2500,0,5000,1250,2500,2500,Walk-in,POS,Lunch,15,4
ORD-00353,46033,CUST-0585,FD005,Yam Porridge,Traditional Meals,2,2200,0,4400,1050,2100,2300,Delivery,Transfer,Breakfast,9,
ORD-00360,46033,CUST-0299,FD006,Eba & Egusi Soup,Swallow,3,2600,0,7800,1320,3960,3840,Walk-in,Transfer,Dinner,16,5
ORD-00583,46033,CUST-0641,FD005,Yam Porridge,Traditional Meals,4,2200,0,8800,1050,4200,4600,Walk-in,Cash,Breakfast,8,4
ORD-00897,46033,CUST-0247,FD001,White Rice & Stew,Rice Meals,2,1800,0,3600,820,1640,1960,Takeaway,POS,Breakfast,10,5
ORD-00192,46034,CUST-0601,FD001,White Rice & Stew,Rice Meals,4,1800,0,7200,820,3280,3920,Walk-in,Cash,Lunch,11,3
ORD-00701,46034,CUST-0322,FD001,White Rice & Stew,Rice Meals,2,1800,0,3600,820,1640,1960,Delivery,POS,Dinner,19,4
ORD-00813,46034,CUST-0441,FD001,White Rice & Stew,Rice Meals,2,1800,0,3600,820,1640,1960,Takeaway,POS,Lunch,14,4
ORD-00928,46034,CUST-0645,FD001,White Rice & Stew,Rice Meals,4,1800,0,7200,820,3280,3920,Delivery,POS,Lunch,14,4
ORD-00934,46034,CUST-0616,FD001,White Rice & Stew,Rice Meals,4,1800,0,7200,820,3280,3920,Takeaway,POS,Lunch,13,5
ORD-00970,46034,CUST-0240,FD005,Yam Porridge,Traditional Meals,1,2200,0,2200,1050,1050,1150,Takeaway,POS,Lunch,13,5
ORD-01157,46034,CUST-0147,FD012,Fried Plantain,Sides,2,700,0,1400,300,600,800,Walk-in,Cash,Breakfast,8,5
ORD-01595,46034,CUST-0187,FD007,Amala & Ewedu,Swallow,4,2500,0,10000,1250,5000,5000,Walk-in,Transfer,Lunch,13,4
ORD-01699,46034,CUST-0014,FD003,Fried Rice & Chicken,Rice Meals,4,3000,0,12000,1580,6320,5680,Walk-in,Transfer,Dinner,17,4
ORD-00288,46035,CUST-0581,FD001,White Rice & Stew,Rice Meals,4,1800,0,7200,820,3280,3920,Delivery,Transfer,Dinner,19,5
ORD-00303,46035,CUST-0145,FD002,Jollof Rice & Chicken,Rice Meals,3,2800,0,8400,1450,4350,4050,Delivery,POS,Lunch,13,
ORD-00632,46035,CUST-0155,FD002,Jollof Rice & Chicken,Rice Meals,3,2800,0.1,7560,1450,4350,3210,Walk-in,Transfer,Dinner,19,5
ORD-01218,46035,CUST-0154,FD002,Jollof Rice & Chicken,Rice Meals,1,2800,0,2800,1450,1450,1350,Takeaway,Transfer,Lunch,13,5
ORD-01374,46035,CUST-0267,FD006,Eba & Egusi Soup,Swallow,4,2600,0,10400,1320,5280,5120,Walk-in,POS,Dinner,19,4
ORD-00279,46036,CUST-0561,FD007,Amala & Ewedu,Swallow,2,2500,0,5000,1250,2500,2500,Delivery,Transfer,Lunch,11,4
ORD-00311,46036,CUST-0491,FD007,Amala & Ewedu,Swallow,2,2500,0,5000,1250,2500,2500,Walk-in,Cash,Dinner,19,5
ORD-00407,46036,CUST-0387,FD006,Eba & Egusi Soup,Swallow,3,2600,0,7800,1320,3960,3840,Delivery,Cash,Breakfast,9,4
ORD-00607,46036,CUST-0359,FD009,Moi Moi,Sides,4,900,0,3600,380,1520,2080,Walk-in,Cash,Breakfast,10,4
ORD-00628,46036,CUST-0220,FD003,Fried Rice & Chicken,Rice Meals,4,3000,0,12000,1580,6320,5680,Takeaway,Transfer,Lunch,11,5
ORD-00776,46036,CUST-0101,FD001,White Rice & Stew,Rice Meals,3,1800,0,5400,820,2460,2940,Walk-in,Transfer,Dinner,17,4
ORD-01266,46036,CUST-0116,FD001,White Rice & Stew,Rice Meals,2,1800,0,3600,820,1640,1960,Delivery,Transfer,Dinner,20,5
ORD-01283,46036,CUST-0419,FD003,Fried Rice & Chicken,Rice Meals,2,3000,0,6000,1580,3160,2840,Walk-in,Transfer,Lunch,12,4
ORD-01330,46036,CUST-0532,FD003,Fried Rice & Chicken,Rice Meals,4,3000,0,12000,1580,6320,5680,Takeaway,Cash,Lunch,13,4
ORD-01480,46036,CUST-0603,FD012,Fried Plantain,Sides,2,700,0,1400,300,600,800,Walk-in,Transfer,Dinner,17,5
ORD-01511,46036,CUST-0031,FD001,White Rice & Stew,Rice Meals,2,1800,0,3600,820,1640,1960,Walk-in,POS,Lunch,14,5
ORD-01579,46036,CUST-0410,FD002,Jollof Rice & Chicken,Rice Meals,3,2800,0,8400,1450,4350,4050,Walk-in,Cash,Dinner,20,4
ORD-01655,46036,CUST-0226,FD012,Fried Plantain,Sides,4,700,0,2800,300,1200,1600,Walk-in,Transfer,Lunch,15,5
ORD-00528,46037,CUST-0163,FD004,Beans & Plantain,Traditional Meals,3,2000,0,6000,960,2880,3120,Walk-in,Transfer,Lunch,14,4
ORD-00653,46037,CUST-0615,FD010,Soft Drink,Beverages,4,600,0,2400,280,1120,1280,Walk-in,Transfer,Dinner,18,4
ORD-00759,46037,CUST-0211,FD007,Amala & Ewedu,Swallow,2,2500,0.05,4750,1250,2500,2250,Walk-in,Transfer,Lunch,14,4
ORD-00815,46037,CUST-0108,FD009,Moi Moi,Sides,4,900,0,3600,380,1520,2080,Walk-in,Cash,Dinner,20,5
ORD-00851,46037,CUST-0203,FD011,Bottled Water,Beverages,4,300,0,1200,120,480,720,Walk-in,Transfer,Breakfast,10,4
ORD-01234,46037,CUST-0616,FD002,Jollof Rice & Chicken,Rice Meals,1,2800,0,2800,1450,1450,1350,Walk-in,Transfer,Dinner,17,5
ORD-01341,46037,CUST-0219,FD002,Jollof Rice & Chicken,Rice Meals,4,2800,0,11200,1450,5800,5400,Takeaway,POS,Lunch,15,4
ORD-01462,46037,CUST-0338,FD001,White Rice & Stew,Rice Meals,3,1800,0.05,5130,820,2460,2670,Takeaway,Cash,Dinner,19,4
ORD-01654,46037,CUST-0224,FD004,Beans & Plantain,Traditional Meals,2,2000,0,4000,960,1920,2080,Delivery,Cash,Lunch,15,4
ORD-00206,46038,CUST-0370,FD002,Jollof Rice & Chicken,Rice Meals,3,2800,0.05,7980,1450,4350,3630,Walk-in,POS,Lunch,15,4
ORD-00328,46038,CUST-0643,FD002,Jollof Rice & Chicken,Rice Meals,4,2800,0,11200,1450,5800,5400,Walk-in,POS,Breakfast,10,3
ORD-00609,46038,CUST-0395,FD010,Soft Drink,Beverages,2,600,0,1200,280,560,640,Walk-in,Transfer,Dinner,20,4
ORD-00865,46038,CUST-0420,FD001,White Rice & Stew,Rice Meals,1,1800,0,1800,820,820,980,Walk-in,Transfer,Breakfast,9,5
ORD-00997,46038,CUST-0230,FD010,Soft Drink,Beverages,1,600,0,600,280,280,320,Walk-in,Transfer,Lunch,12,4
ORD-01162,46038,CUST-0628,FD001,White Rice & Stew,Rice Meals,2,1800,0,3600,820,1640,1960,Walk-in,Transfer,Breakfast,8,5
ORD-01669,46038,CUST-0362,FD010,Soft Drink,Beverages,4,600,0,2400,280,1120,1280,Walk-in,Transfer,Lunch,15,4
ORD-01679,46038,CUST-0074,FD008,Pounded Yam & Vegetable Soup,Swallow,3,3200,0,9600,1710,5130,4470,Walk-in,POS,Lunch,14,5
ORD-00158,46039,CUST-0115,FD006,Eba & Egusi Soup,Swallow,2,2600,0,5200,1320,2640,2560,Delivery,Transfer,Breakfast,9,4
ORD-00234,46039,CUST-0418,FD003,Fried Rice & Chicken,Rice Meals,4,3000,0,12000,1580,6320,5680,Takeaway,Cash,Dinner,17,5
ORD-00560,46039,CUST-0492,FD001,White Rice & Stew,Rice Meals,2,1800,0,3600,820,1640,1960,Walk-in,Cash,Dinner,20,3
ORD-00728,46039,CUST-0231,FD005,Yam Porridge,Traditional Meals,2,2200,0,4400,1050,2100,2300,Walk-in,Transfer,Lunch,11,4
ORD-01427,46039,CUST-0023,FD007,Amala & Ewedu,Swallow,4,2500,0,10000,1250,5000,5000,Walk-in,Cash,Breakfast,9,5
ORD-01569,46039,CUST-0038,FD004,Beans & Plantain,Traditional Meals,3,2000,0,6000,960,2880,3120,Walk-in,Transfer,Lunch,11,4
ORD-01656,46039,CUST-0630,FD005,Yam Porridge,Traditional Meals,3,2200,0,6600,1050,3150,3450,Walk-in,Transfer,Dinner,18,5
ORD-01795,46039,CUST-0229,FD004,Beans & Plantain,Traditional Meals,1,2000,0,2000,960,960,1040,Walk-in,Cash,Dinner,16,3
ORD-00283,46040,CUST-0490,FD002,Jollof Rice & Chicken,Rice Meals,2,2800,0,5600,1450,2900,2700,Delivery,Cash,Lunch,13,
ORD-00299,46040,CUST-0276,FD001,White Rice & Stew,Rice Meals,3,1800,0,5400,820,2460,2940,Takeaway,Transfer,Dinner,19,5
ORD-00631,46040,CUST-0567,FD003,Fried Rice & Chicken,Rice Meals,3,3000,0,9000,1580,4740,4260,Walk-in,Cash,Dinner,17,4
ORD-00775,46040,CUST-0080,FD006,Eba & Egusi Soup,Swallow,2,2600,0.1,4680,1320,2640,2040,Takeaway,POS,Lunch,13,4
ORD-00804,46040,CUST-0021,FD003,Fried Rice & Chicken,Rice Meals,4,3000,0.05,11400,1580,6320,5080,Walk-in,POS,Lunch,11,5
ORD-00954,46040,CUST-0318,FD001,White Rice & Stew,Rice Meals,4,1800,0,7200,820,3280,3920,Walk-in,Transfer,Breakfast,8,3
ORD-01045,46040,CUST-0371,FD005,Yam Porridge,Traditional Meals,4,2200,0,8800,1050,4200,4600,Walk-in,Cash,Dinner,18,5
ORD-01635,46040,CUST-0600,FD003,Fried Rice & Chicken,Rice Meals,1,3000,0,3000,1580,1580,1420,Walk-in,Cash,Dinner,20,
ORD-00079,46041,CUST-0418,FD009,Moi Moi,Sides,4,900,0,3600,380,1520,2080,Takeaway,Transfer,Lunch,12,4
ORD-00322,46041,CUST-0491,FD001,White Rice & Stew,Rice Meals,1,1800,0.05,1710,820,820,890,Walk-in,POS,Lunch,12,5
ORD-00432,46041,CUST-0439,FD006,Eba & Egusi Soup,Swallow,2,2600,0,5200,1320,2640,2560,Walk-in,Transfer,Dinner,17,3
ORD-00636,46041,CUST-0031,FD003,Fried Rice & Chicken,Rice Meals,1,3000,0,3000,1580,1580,1420,Walk-in,Cash,Lunch,11,5
ORD-01011,46041,CUST-0644,FD007,Amala & Ewedu,Swallow,4,2500,0,10000,1250,5000,5000,Takeaway,POS,Dinner,18,5
ORD-01013,46041,CUST-0031,FD001,White Rice & Stew,Rice Meals,2,1800,0,3600,820,1640,1960,Walk-in,POS,Lunch,15,4
ORD-01129,46041,CUST-0397,FD001,White Rice & Stew,Rice Meals,2,1800,0,3600,820,1640,1960,Walk-in,Transfer,Dinner,16,
ORD-01309,46041,CUST-0305,FD002,Jollof Rice & Chicken,Rice Meals,3,2800,0,8400,1450,4350,4050,Takeaway,Transfer,Lunch,12,5
ORD-01713,46041,CUST-0416,FD004,Beans & Plantain,Traditional Meals,3,2000,0.05,5700,960,2880,2820,Delivery,Cash,Lunch,12,5
ORD-00506,46042,CUST-0493,FD012,Fried Plantain,Sides,3,700,0,2100,300,900,1200,Delivery,Cash,Dinner,18,3
ORD-00536,46042,CUST-0187,FD006,Eba & Egusi Soup,Swallow,4,2600,0,10400,1320,5280,5120,Delivery,Cash,Lunch,13,4
ORD-00907,46042,CUST-0282,FD002,Jollof Rice & Chicken,Rice Meals,2,2800,0,5600,1450,2900,2700,Walk-in,POS,Lunch,12,4
ORD-01320,46042,CUST-0552,FD003,Fried Rice & Chicken,Rice Meals,2,3000,0,6000,1580,3160,2840,Walk-in,Transfer,Lunch,11,4
ORD-01340,46042,CUST-0057,FD003,Fried Rice & Chicken,Rice Meals,3,3000,0,9000,1580,4740,4260,Walk-in,POS,Lunch,15,5
ORD-01418,46042,CUST-0339,FD006,Eba & Egusi Soup,Swallow,3,2600,0,7800,1320,3960,3840,Walk-in,POS,Lunch,15,4
ORD-00749,46043,CUST-0449,FD005,Yam Porridge,Traditional Meals,2,2200,0,4400,1050,2100,2300,Walk-in,Cash,Lunch,14,5
ORD-00887,46043,CUST-0330,FD003,Fried Rice & Chicken,Rice Meals,3,3000,0,9000,1580,4740,4260,Delivery,POS,Lunch,11,5
ORD-00987,46043,CUST-0480,FD003,Fried Rice & Chicken,Rice Meals,3,3000,0,9000,1580,4740,4260,Walk-in,POS,Lunch,14,5
ORD-01175,46043,CUST-0624,FD004,Beans & Plantain,Traditional Meals,1,2000,0,2000,960,960,1040,Walk-in,Cash,Lunch,11,3
ORD-01240,46043,CUST-0095,FD002,Jollof Rice & Chicken,Rice Meals,2,2800,0,5600,1450,2900,2700,Walk-in,Transfer,Breakfast,9,5
ORD-01448,46043,CUST-0248,FD012,Fried Plantain,Sides,2,700,0,1400,300,600,800,Walk-in,Transfer,Lunch,15,5
ORD-01642,46043,CUST-0500,FD008,Pounded Yam & Vegetable Soup,Swallow,1,3200,0,3200,1710,1710,1490,Walk-in,POS,Dinner,20,3
ORD-00831,46044,CUST-0610,FD006,Eba & Egusi Soup,Swallow,3,2600,0,7800,1320,3960,3840,Walk-in,POS,Lunch,14,4
ORD-01105,46044,CUST-0188,FD002,Jollof Rice & Chicken,Rice Meals,3,2800,0,8400,1450,4350,4050,Delivery,POS,Dinner,20,5
ORD-01116,46044,CUST-0471,FD004,Beans & Plantain,Traditional Meals,3,2000,0,6000,960,2880,3120,Takeaway,POS,Dinner,16,4
ORD-01791,46044,CUST-0350,FD002,Jollof Rice & Chicken,Rice Meals,4,2800,0.05,10640,1450,5800,4840,Takeaway,Cash,Breakfast,8,4
ORD-00107,46045,CUST-0004,FD008,Pounded Yam & Vegetable Soup,Swallow,2,3200,0.05,6080,1710,3420,2660,Walk-in,Transfer,Lunch,14,5
ORD-00213,46045,CUST-0618,FD007,Amala & Ewedu,Swallow,1,2500,0,2500,1250,1250,1250,Walk-in,Transfer,Lunch,11,5
ORD-00517,46045,CUST-0569,FD001,White Rice & Stew,Rice Meals,4,1800,0.05,6840,820,3280,3560,Walk-in,Cash,Lunch,14,5
ORD-00727,46045,CUST-0132,FD001,White Rice & Stew,Rice Meals,2,1800,0,3600,820,1640,1960,Takeaway,POS,Lunch,11,4
ORD-00842,46045,CUST-0013,FD006,Eba & Egusi Soup,Swallow,2,2600,0,5200,1320,2640,2560,Walk-in,Transfer,Lunch,13,5
ORD-00863,46045,CUST-0248,FD002,Jollof Rice & Chicken,Rice Meals,1,2800,0.05,2660,1450,1450,1210,Delivery,POS,Lunch,14,5
ORD-01053,46045,CUST-0402,FD006,Eba & Egusi Soup,Swallow,1,2600,0,2600,1320,1320,1280,Delivery,Cash,Lunch,13,5
ORD-01499,46045,CUST-0567,FD006,Eba & Egusi Soup,Swallow,2,2600,0,5200,1320,2640,2560,Walk-in,Cash,Lunch,12,5
ORD-01617,46045,CUST-0635,FD001,White Rice & Stew,Rice Meals,4,1800,0,7200,820,3280,3920,Takeaway,Transfer,Lunch,14,4
ORD-01671,46045,CUST-0467,FD003,Fried Rice & Chicken,Rice Meals,2,3000,0,6000,1580,3160,2840,Walk-in,Transfer,Lunch,14,5
ORD-00309,46046,CUST-0392,FD007,Amala & Ewedu,Swallow,2,2500,0,5000,1250,2500,2500,Walk-in,POS,Lunch,14,5
ORD-00574,46046,CUST-0322,FD003,Fried Rice & Chicken,Rice Meals,3,3000,0,9000,1580,4740,4260,Delivery,Cash,Lunch,15,4
ORD-00659,46046,CUST-0093,FD002,Jollof Rice & Chicken,Rice Meals,4,2800,0,11200,1450,5800,5400,Walk-in,Transfer,Dinner,17,5
ORD-00741,46046,CUST-0020,FD006,Eba & Egusi Soup,Swallow,4,2600,0,10400,1320,5280,5120,Walk-in,POS,Lunch,14,5
ORD-01191,46046,CUST-0260,FD003,Fried Rice & Chicken,Rice Meals,1,3000,0,3000,1580,1580,1420,Walk-in,Cash,Lunch,11,4
ORD-01411,46046,CUST-0607,FD005,Yam Porridge,Traditional Meals,2,2200,0,4400,1050,2100,2300,Walk-in,Transfer,Lunch,11,3
ORD-01700,46046,CUST-0439,FD007,Amala & Ewedu,Swallow,4,2500,0,10000,1250,5000,5000,Walk-in,POS,Breakfast,10,5
ORD-00007,46047,CUST-0281,FD010,Soft Drink,Beverages,4,600,0,2400,280,1120,1280,Walk-in,Cash,Lunch,12,5
ORD-01289,46047,CUST-0558,FD004,Beans & Plantain,Traditional Meals,1,2000,0,2000,960,960,1040,Walk-in,Cash,Breakfast,10,4
ORD-00042,46048,CUST-0143,FD003,Fried Rice & Chicken,Rice Meals,1,3000,0,3000,1580,1580,1420,Walk-in,Transfer,Lunch,14,4
ORD-00657,46048,CUST-0317,FD009,Moi Moi,Sides,3,900,0,2700,380,1140,1560,Delivery,Transfer,Breakfast,8,3
ORD-00900,46048,CUST-0088,FD007,Amala & Ewedu,Swallow,4,2500,0,10000,1250,5000,5000,Walk-in,POS,Dinner,18,4
ORD-01060,46048,CUST-0121,FD006,Eba & Egusi Soup,Swallow,3,2600,0,7800,1320,3960,3840,Delivery,Transfer,Dinner,17,5
ORD-01073,46048,CUST-0309,FD010,Soft Drink,Beverages,1,600,0,600,280,280,320,Walk-in,Transfer,Dinner,18,3
ORD-01139,46048,CUST-0488,FD011,Bottled Water,Beverages,4,300,0,1200,120,480,720,Walk-in,Cash,Dinner,16,
ORD-01369,46048,CUST-0483,FD003,Fried Rice & Chicken,Rice Meals,3,3000,0,9000,1580,4740,4260,Takeaway,Transfer,Lunch,13,4
ORD-01520,46048,CUST-0532,FD003,Fried Rice & Chicken,Rice Meals,4,3000,0,12000,1580,6320,5680,Takeaway,Cash,Dinner,20,5
ORD-00296,46049,CUST-0215,FD001,White Rice & Stew,Rice Meals,4,1800,0,7200,820,3280,3920,Takeaway,Transfer,Lunch,11,5
ORD-00330,46049,CUST-0492,FD008,Pounded Yam & Vegetable Soup,Swallow,2,3200,0,6400,1710,3420,2980,Walk-in,POS,Breakfast,8,5
ORD-00379,46049,CUST-0419,FD002,Jollof Rice & Chicken,Rice Meals,1,2800,0,2800,1450,1450,1350,Walk-in,Cash,Dinner,18,5
ORD-00415,46049,CUST-0443,FD006,Eba & Egusi Soup,Swallow,4,2600,0,10400,1320,5280,5120,Walk-in,Transfer,Lunch,12,3
ORD-00479,46049,CUST-0476,FD005,Yam Porridge,Traditional Meals,3,2200,0,6600,1050,3150,3450,Walk-in,POS,Breakfast,8,4
ORD-00873,46049,CUST-0339,FD002,Jollof Rice & Chicken,Rice Meals,1,2800,0,2800,1450,1450,1350,Walk-in,Cash,Lunch,14,5
ORD-01134,46049,CUST-0242,FD001,White Rice & Stew,Rice Meals,2,1800,0.05,3420,820,1640,1780,Walk-in,Transfer,Breakfast,9,5
ORD-01334,46049,CUST-0092,FD005,Yam Porridge,Traditional Meals,4,2200,0,8800,1050,4200,4600,Takeaway,Transfer,Lunch,15,4
ORD-01358,46049,CUST-0258,FD001,White Rice & Stew,Rice Meals,2,1800,0,3600,820,1640,1960,Takeaway,POS,Lunch,14,5
ORD-01368,46049,CUST-0145,FD001,White Rice & Stew,Rice Meals,1,1800,0,1800,820,820,980,Walk-in,Cash,Dinner,18,4
ORD-00062,46050,CUST-0049,FD002,Jollof Rice & Chicken,Rice Meals,3,2800,0,8400,1450,4350,4050,Walk-in,Cash,Lunch,11,4
ORD-00119,46050,CUST-0206,FD005,Yam Porridge,Traditional Meals,1,2200,0,2200,1050,1050,1150,Walk-in,POS,Dinner,16,5
ORD-00187,46050,CUST-0404,FD009,Moi Moi,Sides,4,900,0,3600,380,1520,2080,Delivery,Transfer,Dinner,20,5
ORD-00351,46050,CUST-0554,FD003,Fried Rice & Chicken,Rice Meals,1,3000,0,3000,1580,1580,1420,Walk-in,Cash,Lunch,13,4
ORD-00436,46050,CUST-0395,FD006,Eba & Egusi Soup,Swallow,2,2600,0,5200,1320,2640,2560,Takeaway,Cash,Lunch,12,4
ORD-00584,46050,CUST-0336,FD001,White Rice & Stew,Rice Meals,2,1800,0,3600,820,1640,1960,Walk-in,POS,Lunch,14,4
ORD-00944,46050,CUST-0061,FD012,Fried Plantain,Sides,3,700,0,2100,300,900,1200,Takeaway,POS,Lunch,13,5
ORD-01288,46050,CUST-0173,FD006,Eba & Egusi Soup,Swallow,1,2600,0,2600,1320,1320,1280,Walk-in,Cash,Lunch,11,4
ORD-00715,46051,CUST-0439,FD003,Fried Rice & Chicken,Rice Meals,4,3000,0,12000,1580,6320,5680,Delivery,POS,Lunch,12,5
ORD-00867,46051,CUST-0358,FD001,White Rice & Stew,Rice Meals,1,1800,0,1800,820,820,980,Takeaway,POS,Lunch,14,4
ORD-01106,46051,CUST-0310,FD007,Amala & Ewedu,Swallow,2,2500,0,5000,1250,2500,2500,Takeaway,POS,Dinner,18,4
ORD-01238,46051,CUST-0590,FD008,Pounded Yam & Vegetable Soup,Swallow,3,3200,0,9600,1710,5130,4470,Walk-in,Transfer,Lunch,13,
ORD-01612,46051,CUST-0163,FD005,Yam Porridge,Traditional Meals,4,2200,0,8800,1050,4200,4600,Walk-in,Transfer,Lunch,12,5
ORD-01784,46051,CUST-0429,FD006,Eba & Egusi Soup,Swallow,1,2600,0,2600,1320,1320,1280,Takeaway,POS,Lunch,14,5
ORD-01800,46051,CUST-0191,FD008,Pounded Yam & Vegetable Soup,Swallow,3,3200,0,9600,1710,5130,4470,Delivery,POS,Dinner,20,5
ORD-00218,46052,CUST-0084,FD001,White Rice & Stew,Rice Meals,2,1800,0,3600,820,1640,1960,Walk-in,POS,Lunch,12,4
ORD-00425,46052,CUST-0203,FD001,White Rice & Stew,Rice Meals,1,1800,0,1800,820,820,980,Takeaway,Transfer,Dinner,16,
ORD-00462,46052,CUST-0237,FD005,Yam Porridge,Traditional Meals,2,2200,0,4400,1050,2100,2300,Walk-in,Cash,Lunch,11,5
ORD-00878,46052,CUST-0612,FD002,Jollof Rice & Chicken,Rice Meals,1,2800,0,2800,1450,1450,1350,Walk-in,POS,Lunch,13,4
ORD-00985,46052,CUST-0220,FD003,Fried Rice & Chicken,Rice Meals,1,3000,0,3000,1580,1580,1420,Walk-in,Cash,Lunch,14,3
ORD-01095,46052,CUST-0240,FD003,Fried Rice & Chicken,Rice Meals,3,3000,0,9000,1580,4740,4260,Walk-in,Transfer,Dinner,19,5
ORD-01697,46052,CUST-0444,FD006,Eba & Egusi Soup,Swallow,4,2600,0.05,9880,1320,5280,4600,Walk-in,Cash,Lunch,11,5
ORD-00108,46053,CUST-0264,FD002,Jollof Rice & Chicken,Rice Meals,3,2800,0,8400,1450,4350,4050,Takeaway,Transfer,Lunch,14,4
ORD-00134,46053,CUST-0249,FD004,Beans & Plantain,Traditional Meals,1,2000,0.1,1800,960,960,840,Takeaway,Cash,Breakfast,10,5
ORD-00387,46053,CUST-0485,FD004,Beans & Plantain,Traditional Meals,4,2000,0,8000,960,3840,4160,Walk-in,Cash,Lunch,15,4
ORD-00889,46053,CUST-0160,FD009,Moi Moi,Sides,3,900,0,2700,380,1140,1560,Walk-in,POS,Dinner,16,3
ORD-00924,46053,CUST-0376,FD005,Yam Porridge,Traditional Meals,4,2200,0,8800,1050,4200,4600,Walk-in,Cash,Lunch,12,5
ORD-01662,46053,CUST-0351,FD002,Jollof Rice & Chicken,Rice Meals,1,2800,0,2800,1450,1450,1350,Takeaway,Cash,Lunch,12,4
ORD-00057,46054,CUST-0426,FD004,Beans & Plantain,Traditional Meals,4,2000,0,8000,960,3840,4160,Walk-in,Cash,Dinner,18,4
ORD-00320,46054,CUST-0631,FD007,Amala & Ewedu,Swallow,3,2500,0,7500,1250,3750,3750,Takeaway,POS,Dinner,20,5
ORD-00354,46054,CUST-0461,FD001,White Rice & Stew,Rice Meals,4,1800,0,7200,820,3280,3920,Walk-in,Transfer,Lunch,11,4
ORD-00377,46054,CUST-0041,FD005,Yam Porridge,Traditional Meals,4,2200,0,8800,1050,4200,4600,Takeaway,POS,Lunch,13,5
ORD-00802,46054,CUST-0505,FD008,Pounded Yam & Vegetable Soup,Swallow,2,3200,0,6400,1710,3420,2980,Takeaway,Cash,Lunch,14,4
ORD-00819,46054,CUST-0465,FD003,Fried Rice & Chicken,Rice Meals,4,3000,0.05,11400,1580,6320,5080,Takeaway,Cash,Lunch,12,4
ORD-01412,46054,CUST-0028,FD002,Jollof Rice & Chicken,Rice Meals,3,2800,0,8400,1450,4350,4050,Walk-in,POS,Breakfast,8,4
ORD-01446,46054,CUST-0258,FD001,White Rice & Stew,Rice Meals,3,1800,0,5400,820,2460,2940,Walk-in,Cash,Breakfast,8,4
ORD-00510,46055,CUST-0230,FD003,Fried Rice & Chicken,Rice Meals,1,3000,0,3000,1580,1580,1420,Walk-in,Cash,Lunch,14,5
ORD-00640,46055,CUST-0122,FD001,White Rice & Stew,Rice Meals,3,1800,0,5400,820,2460,2940,Walk-in,Transfer,Lunch,12,4
ORD-00705,46055,CUST-0495,FD001,White Rice & Stew,Rice Meals,4,1800,0,7200,820,3280,3920,Walk-in,Cash,Lunch,14,5
ORD-00958,46055,CUST-0074,FD005,Yam Porridge,Traditional Meals,3,2200,0,6600,1050,3150,3450,Delivery,Transfer,Lunch,13,5
ORD-01065,46055,CUST-0100,FD005,Yam Porridge,Traditional Meals,3,2200,0,6600,1050,3150,3450,Walk-in,POS,Lunch,14,4
ORD-01127,46055,CUST-0126,FD001,White Rice & Stew,Rice Meals,3,1800,0,5400,820,2460,2940,Delivery,POS,Lunch,12,4
ORD-01128,46055,CUST-0090,FD002,Jollof Rice & Chicken,Rice Meals,3,2800,0,8400,1450,4350,4050,Walk-in,Transfer,Lunch,14,5
ORD-01281,46055,CUST-0015,FD012,Fried Plantain,Sides,4,700,0,2800,300,1200,1600,Delivery,Cash,Lunch,13,3
ORD-01436,46055,CUST-0409,FD009,Moi Moi,Sides,2,900,0,1800,380,760,1040,Walk-in,POS,Dinner,18,5
ORD-01575,46055,CUST-0181,FD008,Pounded Yam & Vegetable Soup,Swallow,2,3200,0,6400,1710,3420,2980,Takeaway,POS,Lunch,14,4
ORD-01580,46055,CUST-0517,FD007,Amala & Ewedu,Swallow,3,2500,0.05,7125,1250,3750,3375,Takeaway,Transfer,Dinner,17,4
ORD-00114,46056,CUST-0256,FD002,Jollof Rice & Chicken,Rice Meals,3,2800,0,8400,1450,4350,4050,Walk-in,POS,Lunch,14,5
ORD-00193,46056,CUST-0192,FD004,Beans & Plantain,Traditional Meals,3,2000,0,6000,960,2880,3120,Walk-in,Cash,Breakfast,10,4
ORD-00324,46056,CUST-0269,FD011,Bottled Water,Beverages,2,300,0,600,120,240,360,Walk-in,POS,Breakfast,9,4
ORD-00838,46056,CUST-0573,FD004,Beans & Plantain,Traditional Meals,2,2000,0,4000,960,1920,2080,Walk-in,Cash,Lunch,13,5
ORD-00901,46056,CUST-0333,FD002,Jollof Rice & Chicken,Rice Meals,1,2800,0,2800,1450,1450,1350,Delivery,Transfer,Dinner,19,5
ORD-00926,46056,CUST-0066,FD005,Yam Porridge,Traditional Meals,3,2200,0,6600,1050,3150,3450,Delivery,Transfer,Dinner,18,3
ORD-01227,46056,CUST-0572,FD006,Eba & Egusi Soup,Swallow,2,2600,0,5200,1320,2640,2560,Walk-in,Cash,Breakfast,8,4
ORD-01450,46056,CUST-0482,FD003,Fried Rice & Chicken,Rice Meals,1,3000,0,3000,1580,1580,1420,Takeaway,Cash,Lunch,13,3
ORD-01764,46056,CUST-0012,FD006,Eba & Egusi Soup,Swallow,2,2600,0,5200,1320,2640,2560,Takeaway,POS,Lunch,14,5
ORD-00140,46057,CUST-0254,FD007,Amala & Ewedu,Swallow,4,2500,0,10000,1250,5000,5000,Walk-in,Cash,Lunch,11,5
ORD-00397,46057,CUST-0600,FD001,White Rice & Stew,Rice Meals,2,1800,0,3600,820,1640,1960,Takeaway,Transfer,Dinner,16,4
ORD-00679,46057,CUST-0616,FD008,Pounded Yam & Vegetable Soup,Swallow,3,3200,0,9600,1710,5130,4470,Walk-in,Cash,Lunch,11,5
ORD-00746,46057,CUST-0457,FD001,White Rice & Stew,Rice Meals,1,1800,0,1800,820,820,980,Takeaway,Transfer,Lunch,12,5
ORD-00943,46057,CUST-0076,FD001,White Rice & Stew,Rice Meals,1,1800,0,1800,820,820,980,Walk-in,POS,Lunch,15,3
ORD-00974,46057,CUST-0052,FD001,White Rice & Stew,Rice Meals,2,1800,0,3600,820,1640,1960,Takeaway,Transfer,Breakfast,10,5
ORD-01113,46057,CUST-0322,FD005,Yam Porridge,Traditional Meals,3,2200,0,6600,1050,3150,3450,Delivery,POS,Lunch,13,5
ORD-01581,46057,CUST-0095,FD002,Jollof Rice & Chicken,Rice Meals,4,2800,0,11200,1450,5800,5400,Walk-in,Cash,Lunch,13,3
ORD-01665,46057,CUST-0156,FD001,White Rice & Stew,Rice Meals,2,1800,0,3600,820,1640,1960,Takeaway,POS,Lunch,15,5
ORD-01684,46057,CUST-0586,FD001,White Rice & Stew,Rice Meals,4,1800,0,7200,820,3280,3920,Walk-in,Cash,Dinner,19,4
ORD-00195,46058,CUST-0173,FD009,Moi Moi,Sides,3,900,0,2700,380,1140,1560,Takeaway,Transfer,Breakfast,8,4
ORD-00551,46058,CUST-0598,FD003,Fried Rice & Chicken,Rice Meals,2,3000,0.1,5400,1580,3160,2240,Walk-in,Transfer,Dinner,17,5
ORD-00581,46058,CUST-0316,FD003,Fried Rice & Chicken,Rice Meals,1,3000,0,3000,1580,1580,1420,Walk-in,POS,Dinner,17,5
ORD-01123,46058,CUST-0227,FD003,Fried Rice & Chicken,Rice Meals,4,3000,0,12000,1580,6320,5680,Takeaway,Cash,Lunch,11,3
ORD-01373,46058,CUST-0068,FD006,Eba & Egusi Soup,Swallow,4,2600,0,10400,1320,5280,5120,Walk-in,POS,Lunch,13,4
ORD-01497,46058,CUST-0458,FD008,Pounded Yam & Vegetable Soup,Swallow,3,3200,0.05,9120,1710,5130,3990,Takeaway,POS,Lunch,12,5
ORD-00651,46059,CUST-0440,FD005,Yam Porridge,Traditional Meals,1,2200,0.05,2090,1050,1050,1040,Delivery,Transfer,Dinner,16,
ORD-00676,46059,CUST-0166,FD004,Beans & Plantain,Traditional Meals,1,2000,0,2000,960,960,1040,Delivery,POS,Dinner,16,5
ORD-00794,46059,CUST-0263,FD001,White Rice & Stew,Rice Meals,4,1800,0.05,6840,820,3280,3560,Walk-in,Transfer,Lunch,15,3
ORD-00993,46059,CUST-0398,FD006,Eba & Egusi Soup,Swallow,1,2600,0,2600,1320,1320,1280,Walk-in,Cash,Breakfast,9,5
ORD-01147,46059,CUST-0303,FD003,Fried Rice & Chicken,Rice Meals,3,3000,0,9000,1580,4740,4260,Walk-in,Cash,Lunch,14,4
ORD-01306,46059,CUST-0570,FD001,White Rice & Stew,Rice Meals,1,1800,0,1800,820,820,980,Walk-in,POS,Lunch,14,3
ORD-01356,46059,CUST-0404,FD006,Eba & Egusi Soup,Swallow,2,2600,0,5200,1320,2640,2560,Walk-in,POS,Dinner,19,5
ORD-01591,46059,CUST-0276,FD006,Eba & Egusi Soup,Swallow,4,2600,0,10400,1320,5280,5120,Walk-in,POS,Dinner,16,4
ORD-00361,46060,CUST-0241,FD002,Jollof Rice & Chicken,Rice Meals,1,2800,0,2800,1450,1450,1350,Walk-in,POS,Lunch,15,4
ORD-00375,46060,CUST-0106,FD006,Eba & Egusi Soup,Swallow,3,2600,0,7800,1320,3960,3840,Takeaway,POS,Dinner,17,4
ORD-00814,46060,CUST-0503,FD012,Fried Plantain,Sides,1,700,0,700,300,300,400,Walk-in,Cash,Lunch,15,5
ORD-01395,46060,CUST-0120,FD006,Eba & Egusi Soup,Swallow,3,2600,0,7800,1320,3960,3840,Takeaway,Transfer,Lunch,13,4
ORD-01536,46060,CUST-0291,FD001,White Rice & Stew,Rice Meals,3,1800,0,5400,820,2460,2940,Walk-in,Cash,Dinner,18,4
ORD-01782,46060,CUST-0497,FD001,White Rice & Stew,Rice Meals,1,1800,0,1800,820,820,980,Walk-in,Cash,Lunch,15,4
ORD-00039,46061,CUST-0108,FD003,Fried Rice & Chicken,Rice Meals,1,3000,0,3000,1580,1580,1420,Walk-in,Transfer,Breakfast,8,4
ORD-00118,46061,CUST-0375,FD004,Beans & Plantain,Traditional Meals,3,2000,0,6000,960,2880,3120,Walk-in,Cash,Dinner,17,4
ORD-00762,46061,CUST-0099,FD008,Pounded Yam & Vegetable Soup,Swallow,3,3200,0,9600,1710,5130,4470,Walk-in,Transfer,Lunch,12,4
ORD-00785,46061,CUST-0004,FD006,Eba & Egusi Soup,Swallow,1,2600,0,2600,1320,1320,1280,Delivery,Transfer,Lunch,14,4
ORD-01117,46061,CUST-0248,FD002,Jollof Rice & Chicken,Rice Meals,4,2800,0,11200,1450,5800,5400,Delivery,Cash,Lunch,14,4
ORD-01390,46061,CUST-0406,FD003,Fried Rice & Chicken,Rice Meals,1,3000,0,3000,1580,1580,1420,Walk-in,Cash,Lunch,12,4
ORD-00101,46062,CUST-0212,FD002,Jollof Rice & Chicken,Rice Meals,4,2800,0,11200,1450,5800,5400,Takeaway,POS,Lunch,11,4
ORD-00204,46062,CUST-0173,FD002,Jollof Rice & Chicken,Rice Meals,3,2800,0,8400,1450,4350,4050,Walk-in,Transfer,Dinner,17,4
ORD-00333,46062,CUST-0116,FD002,Jollof Rice & Chicken,Rice Meals,4,2800,0,11200,1450,5800,5400,Walk-in,Cash,Lunch,15,4
ORD-00706,46062,CUST-0090,FD006,Eba & Egusi Soup,Swallow,2,2600,0,5200,1320,2640,2560,Walk-in,Cash,Lunch,12,4
ORD-00820,46062,CUST-0151,FD007,Amala & Ewedu,Swallow,3,2500,0,7500,1250,3750,3750,Walk-in,Cash,Lunch,13,5
ORD-00910,46062,CUST-0055,FD002,Jollof Rice & Chicken,Rice Meals,1,2800,0,2800,1450,1450,1350,Walk-in,Transfer,Breakfast,10,4
ORD-01168,46062,CUST-0321,FD007,Amala & Ewedu,Swallow,4,2500,0.1,9000,1250,5000,4000,Walk-in,Cash,Lunch,12,5
ORD-01437,46062,CUST-0028,FD003,Fried Rice & Chicken,Rice Meals,3,3000,0,9000,1580,4740,4260,Walk-in,Cash,Lunch,11,3
ORD-01512,46062,CUST-0284,FD006,Eba & Egusi Soup,Swallow,2,2600,0,5200,1320,2640,2560,Walk-in,Transfer,Lunch,15,4
ORD-01670,46062,CUST-0099,FD002,Jollof Rice & Chicken,Rice Meals,3,2800,0,8400,1450,4350,4050,Walk-in,Cash,Lunch,15,5
ORD-01729,46062,CUST-0309,FD007,Amala & Ewedu,Swallow,3,2500,0,7500,1250,3750,3750,Walk-in,POS,Dinner,16,5
ORD-00046,46063,CUST-0443,FD002,Jollof Rice & Chicken,Rice Meals,3,2800,0,8400,1450,4350,4050,Walk-in,Cash,Lunch,15,3
ORD-00061,46063,CUST-0459,FD004,Beans & Plantain,Traditional Meals,3,2000,0,6000,960,2880,3120,Takeaway,Cash,Lunch,14,4
ORD-00396,46063,CUST-0495,FD009,Moi Moi,Sides,4,900,0,3600,380,1520,2080,Walk-in,Transfer,Lunch,13,4
ORD-00538,46063,CUST-0338,FD001,White Rice & Stew,Rice Meals,4,1800,0,7200,820,3280,3920,Delivery,Cash,Lunch,13,5
ORD-00694,46063,CUST-0165,FD003,Fried Rice & Chicken,Rice Meals,3,3000,0,9000,1580,4740,4260,Takeaway,POS,Lunch,15,5
ORD-00826,46063,CUST-0373,FD001,White Rice & Stew,Rice Meals,3,1800,0,5400,820,2460,2940,Walk-in,Transfer,Lunch,13,3
ORD-01141,46063,CUST-0513,FD005,Yam Porridge,Traditional Meals,3,2200,0,6600,1050,3150,3450,Walk-in,POS,Dinner,20,3
ORD-01322,46063,CUST-0449,FD004,Beans & Plantain,Traditional Meals,4,2000,0,8000,960,3840,4160,Takeaway,POS,Breakfast,8,5
ORD-01514,46063,CUST-0594,FD003,Fried Rice & Chicken,Rice Meals,1,3000,0,3000,1580,1580,1420,Walk-in,POS,Lunch,14,3
ORD-00024,46064,CUST-0579,FD002,Jollof Rice & Chicken,Rice Meals,4,2800,0,11200,1450,5800,5400,Delivery,Transfer,Lunch,15,4
ORD-00138,46064,CUST-0185,FD006,Eba & Egusi Soup,Swallow,3,2600,0,7800,1320,3960,3840,Delivery,POS,Lunch,12,4
ORD-00428,46064,CUST-0441,FD001,White Rice & Stew,Rice Meals,1,1800,0,1800,820,820,980,Walk-in,POS,Lunch,15,4
ORD-00724,46064,CUST-0119,FD006,Eba & Egusi Soup,Swallow,4,2600,0,10400,1320,5280,5120,Takeaway,Cash,Breakfast,9,5
ORD-00774,46064,CUST-0597,FD012,Fried Plantain,Sides,1,700,0,700,300,300,400,Walk-in,Cash,Lunch,12,4
ORD-00809,46064,CUST-0476,FD007,Amala & Ewedu,Swallow,4,2500,0,10000,1250,5000,5000,Takeaway,POS,Breakfast,9,4
ORD-01000,46064,CUST-0218,FD001,White Rice & Stew,Rice Meals,2,1800,0,3600,820,1640,1960,Walk-in,POS,Lunch,14,5
ORD-01531,46064,CUST-0595,FD002,Jollof Rice & Chicken,Rice Meals,2,2800,0,5600,1450,2900,2700,Walk-in,Transfer,Dinner,17,4
ORD-01574,46064,CUST-0645,FD002,Jollof Rice & Chicken,Rice Meals,2,2800,0,5600,1450,2900,2700,Takeaway,POS,Lunch,12,4
ORD-01737,46064,CUST-0477,FD002,Jollof Rice & Chicken,Rice Meals,3,2800,0,8400,1450,4350,4050,Walk-in,Cash,Lunch,13,4
ORD-00117,46065,CUST-0150,FD007,Amala & Ewedu,Swallow,3,2500,0,7500,1250,3750,3750,Walk-in,Transfer,Lunch,12,
ORD-01050,46065,CUST-0617,FD010,Soft Drink,Beverages,3,600,0,1800,280,840,960,Walk-in,POS,Breakfast,8,5
ORD-01226,46065,CUST-0145,FD005,Yam Porridge,Traditional Meals,4,2200,0.05,8360,1050,4200,4160,Takeaway,POS,Breakfast,9,5
ORD-01308,46065,CUST-0351,FD002,Jollof Rice & Chicken,Rice Meals,4,2800,0,11200,1450,5800,5400,Takeaway,Cash,Lunch,14,3
ORD-01732,46065,CUST-0594,FD007,Amala & Ewedu,Swallow,4,2500,0,10000,1250,5000,5000,Walk-in,Cash,Lunch,11,3
ORD-00152,46066,CUST-0399,FD003,Fried Rice & Chicken,Rice Meals,1,3000,0,3000,1580,1580,1420,Walk-in,POS,Lunch,11,4
ORD-00634,46066,CUST-0008,FD002,Jollof Rice & Chicken,Rice Meals,1,2800,0,2800,1450,1450,1350,Walk-in,POS,Lunch,15,3
ORD-00833,46066,CUST-0430,FD006,Eba & Egusi Soup,Swallow,1,2600,0,2600,1320,1320,1280,Takeaway,POS,Lunch,15,4
ORD-01004,46066,CUST-0582,FD002,Jollof Rice & Chicken,Rice Meals,4,2800,0,11200,1450,5800,5400,Walk-in,Cash,Dinner,18,5
ORD-01359,46066,CUST-0503,FD005,Yam Porridge,Traditional Meals,3,2200,0.05,6270,1050,3150,3120,Takeaway,Cash,Dinner,20,5
ORD-01508,46066,CUST-0148,FD002,Jollof Rice & Chicken,Rice Meals,4,2800,0,11200,1450,5800,5400,Delivery,Transfer,Dinner,17,5
ORD-01661,46066,CUST-0535,FD002,Jollof Rice & Chicken,Rice Meals,2,2800,0,5600,1450,2900,2700,Walk-in,Transfer,Lunch,15,5
ORD-00915,46067,CUST-0114,FD003,Fried Rice & Chicken,Rice Meals,2,3000,0.05,5700,1580,3160,2540,Delivery,POS,Lunch,15,4
ORD-01294,46067,CUST-0448,FD002,Jollof Rice & Chicken,Rice Meals,1,2800,0,2800,1450,1450,1350,Delivery,Transfer,Lunch,13,5
ORD-01380,46067,CUST-0525,FD005,Yam Porridge,Traditional Meals,1,2200,0,2200,1050,1050,1150,Walk-in,Transfer,Breakfast,10,5
ORD-00033,46068,CUST-0015,FD003,Fried Rice & Chicken,Rice Meals,4,3000,0,12000,1580,6320,5680,Takeaway,POS,Dinner,17,5
ORD-00321,46068,CUST-0317,FD003,Fried Rice & Chicken,Rice Meals,3,3000,0,9000,1580,4740,4260,Takeaway,Transfer,Lunch,13,5
ORD-00697,46068,CUST-0156,FD001,White Rice & Stew,Rice Meals,4,1800,0.05,6840,820,3280,3560,Takeaway,POS,Breakfast,10,4
ORD-00713,46068,CUST-0527,FD003,Fried Rice & Chicken,Rice Meals,2,3000,0.05,5700,1580,3160,2540,Takeaway,Transfer,Lunch,13,5
ORD-01496,46068,CUST-0417,FD005,Yam Porridge,Traditional Meals,1,2200,0.05,2090,1050,1050,1040,Walk-in,Transfer,Lunch,15,4
ORD-01692,46068,CUST-0162,FD002,Jollof Rice & Chicken,Rice Meals,3,2800,0,8400,1450,4350,4050,Takeaway,Transfer,Lunch,15,5
ORD-00030,46069,CUST-0416,FD006,Eba & Egusi Soup,Swallow,4,2600,0,10400,1320,5280,5120,Walk-in,POS,Dinner,20,3
ORD-00362,46069,CUST-0002,FD008,Pounded Yam & Vegetable Soup,Swallow,1,3200,0,3200,1710,1710,1490,Walk-in,Transfer,Lunch,11,5
ORD-00575,46069,CUST-0032,FD006,Eba & Egusi Soup,Swallow,1,2600,0,2600,1320,1320,1280,Takeaway,Cash,Lunch,14,3
ORD-01198,46069,CUST-0564,FD003,Fried Rice & Chicken,Rice Meals,3,3000,0,9000,1580,4740,4260,Walk-in,Transfer,Dinner,20,
ORD-01228,46069,CUST-0145,FD004,Beans & Plantain,Traditional Meals,3,2000,0,6000,960,2880,3120,Walk-in,POS,Lunch,11,4
ORD-01236,46069,CUST-0557,FD002,Jollof Rice & Chicken,Rice Meals,2,2800,0,5600,1450,2900,2700,Walk-in,Cash,Lunch,12,5
ORD-01468,46069,CUST-0017,FD001,White Rice & Stew,Rice Meals,2,1800,0,3600,820,1640,1960,Walk-in,Cash,Dinner,17,5
ORD-01554,46069,CUST-0332,FD003,Fried Rice & Chicken,Rice Meals,4,3000,0,12000,1580,6320,5680,Walk-in,Transfer,Lunch,11,5
ORD-00358,46070,CUST-0038,FD001,White Rice & Stew,Rice Meals,4,1800,0,7200,820,3280,3920,Delivery,Cash,Breakfast,9,3
ORD-00633,46070,CUST-0169,FD001,White Rice & Stew,Rice Meals,3,1800,0,5400,820,2460,2940,Takeaway,Cash,Dinner,17,4
ORD-00660,46070,CUST-0071,FD003,Fried Rice & Chicken,Rice Meals,2,3000,0,6000,1580,3160,2840,Walk-in,Transfer,Lunch,11,4
ORD-00757,46070,CUST-0330,FD010,Soft Drink,Beverages,1,600,0.05,570,280,280,290,Walk-in,Cash,Lunch,15,4
ORD-00789,46070,CUST-0023,FD005,Yam Porridge,Traditional Meals,2,2200,0.05,4180,1050,2100,2080,Walk-in,POS,Dinner,17,4
ORD-01069,46070,CUST-0357,FD002,Jollof Rice & Chicken,Rice Meals,1,2800,0,2800,1450,1450,1350,Walk-in,Cash,Breakfast,9,5
ORD-01292,46070,CUST-0263,FD006,Eba & Egusi Soup,Swallow,3,2600,0,7800,1320,3960,3840,Takeaway,Transfer,Dinner,19,4
ORD-01648,46070,CUST-0308,FD005,Yam Porridge,Traditional Meals,4,2200,0,8800,1050,4200,4600,Takeaway,Cash,Lunch,12,5
ORD-01733,46070,CUST-0226,FD008,Pounded Yam & Vegetable Soup,Swallow,2,3200,0.1,5760,1710,3420,2340,Walk-in,Transfer,Dinner,19,4
ORD-00048,46071,CUST-0079,FD011,Bottled Water,Beverages,3,300,0,900,120,360,540,Walk-in,Transfer,Lunch,12,5
ORD-00106,46071,CUST-0038,FD007,Amala & Ewedu,Swallow,3,2500,0,7500,1250,3750,3750,Walk-in,POS,Lunch,12,5
ORD-00194,46071,CUST-0373,FD007,Amala & Ewedu,Swallow,1,2500,0,2500,1250,1250,1250,Walk-in,POS,Lunch,11,4
ORD-00423,46071,CUST-0620,FD007,Amala & Ewedu,Swallow,2,2500,0,5000,1250,2500,2500,Walk-in,Transfer,Lunch,15,5
ORD-00502,46071,CUST-0244,FD005,Yam Porridge,Traditional Meals,1,2200,0,2200,1050,1050,1150,Delivery,Transfer,Breakfast,10,4
ORD-01014,46071,CUST-0231,FD003,Fried Rice & Chicken,Rice Meals,4,3000,0,12000,1580,6320,5680,Walk-in,POS,Lunch,14,5
ORD-01248,46071,CUST-0534,FD001,White Rice & Stew,Rice Meals,1,1800,0,1800,820,820,980,Walk-in,Cash,Dinner,18,
ORD-01253,46071,CUST-0383,FD007,Amala & Ewedu,Swallow,2,2500,0,5000,1250,2500,2500,Walk-in,Transfer,Lunch,12,
ORD-01440,46071,CUST-0189,FD004,Beans & Plantain,Traditional Meals,1,2000,0,2000,960,960,1040,Delivery,Transfer,Dinner,17,5
ORD-01457,46071,CUST-0015,FD007,Amala & Ewedu,Swallow,2,2500,0,5000,1250,2500,2500,Walk-in,POS,Breakfast,8,4
ORD-01576,46071,CUST-0574,FD010,Soft Drink,Beverages,3,600,0,1800,280,840,960,Takeaway,POS,Lunch,11,5
ORD-01623,46071,CUST-0572,FD002,Jollof Rice & Chicken,Rice Meals,2,2800,0,5600,1450,2900,2700,Walk-in,POS,Lunch,15,4
ORD-00027,46072,CUST-0048,FD002,Jollof Rice & Chicken,Rice Meals,4,2800,0,11200,1450,5800,5400,Delivery,Transfer,Breakfast,10,5
ORD-00253,46072,CUST-0483,FD001,White Rice & Stew,Rice Meals,3,1800,0.05,5130,820,2460,2670,Walk-in,Cash,Breakfast,9,4
ORD-00261,46072,CUST-0118,FD006,Eba & Egusi Soup,Swallow,1,2600,0.05,2470,1320,1320,1150,Walk-in,POS,Dinner,16,5
ORD-00274,46072,CUST-0567,FD003,Fried Rice & Chicken,Rice Meals,3,3000,0,9000,1580,4740,4260,Walk-in,POS,Dinner,16,3
ORD-00326,46072,CUST-0270,FD005,Yam Porridge,Traditional Meals,2,2200,0.05,4180,1050,2100,2080,Takeaway,Transfer,Lunch,15,4
ORD-00133,46073,CUST-0380,FD003,Fried Rice & Chicken,Rice Meals,2,3000,0,6000,1580,3160,2840,Takeaway,Transfer,Breakfast,9,3
ORD-00178,46073,CUST-0321,FD003,Fried Rice & Chicken,Rice Meals,3,3000,0,9000,1580,4740,4260,Walk-in,Cash,Lunch,12,5
ORD-00200,46073,CUST-0451,FD007,Amala & Ewedu,Swallow,1,2500,0,2500,1250,1250,1250,Walk-in,Cash,Dinner,20,4
ORD-00386,46073,CUST-0319,FD001,White Rice & Stew,Rice Meals,4,1800,0,7200,820,3280,3920,Walk-in,Cash,Lunch,13,5
ORD-00508,46073,CUST-0526,FD004,Beans & Plantain,Traditional Meals,3,2000,0.05,5700,960,2880,2820,Walk-in,Cash,Dinner,18,4
ORD-01272,46073,CUST-0159,FD008,Pounded Yam & Vegetable Soup,Swallow,2,3200,0,6400,1710,3420,2980,Walk-in,Cash,Lunch,11,4
ORD-00270,46074,CUST-0374,FD001,White Rice & Stew,Rice Meals,3,1800,0,5400,820,2460,2940,Takeaway,Transfer,Lunch,15,3
ORD-00370,46074,CUST-0288,FD003,Fried Rice & Chicken,Rice Meals,4,3000,0,12000,1580,6320,5680,Walk-in,Transfer,Dinner,20,4
ORD-00450,46074,CUST-0191,FD003,Fried Rice & Chicken,Rice Meals,2,3000,0,6000,1580,3160,2840,Walk-in,POS,Lunch,12,5
ORD-00753,46074,CUST-0256,FD007,Amala & Ewedu,Swallow,4,2500,0.1,9000,1250,5000,4000,Walk-in,Cash,Lunch,11,4
ORD-00807,46074,CUST-0175,FD001,White Rice & Stew,Rice Meals,2,1800,0,3600,820,1640,1960,Walk-in,Transfer,Lunch,13,4
ORD-01010,46074,CUST-0287,FD001,White Rice & Stew,Rice Meals,2,1800,0,3600,820,1640,1960,Delivery,Transfer,Lunch,15,3
ORD-01206,46074,CUST-0575,FD001,White Rice & Stew,Rice Meals,2,1800,0,3600,820,1640,1960,Delivery,Cash,Dinner,18,3
ORD-01267,46074,CUST-0331,FD006,Eba & Egusi Soup,Swallow,4,2600,0,10400,1320,5280,5120,Delivery,Cash,Breakfast,10,5
ORD-01396,46074,CUST-0359,FD003,Fried Rice & Chicken,Rice Meals,4,3000,0,12000,1580,6320,5680,Delivery,Transfer,Dinner,16,5
ORD-01768,46074,CUST-0476,FD009,Moi Moi,Sides,3,900,0,2700,380,1140,1560,Walk-in,Cash,Dinner,20,4
ORD-00249,46075,CUST-0638,FD005,Yam Porridge,Traditional Meals,3,2200,0,6600,1050,3150,3450,Takeaway,Transfer,Lunch,11,5
ORD-00267,46075,CUST-0063,FD002,Jollof Rice & Chicken,Rice Meals,3,2800,0,8400,1450,4350,4050,Walk-in,POS,Dinner,18,5
ORD-00488,46075,CUST-0189,FD006,Eba & Egusi Soup,Swallow,1,2600,0,2600,1320,1320,1280,Delivery,Transfer,Dinner,16,5
ORD-00639,46075,CUST-0316,FD006,Eba & Egusi Soup,Swallow,2,2600,0,5200,1320,2640,2560,Takeaway,POS,Lunch,12,5
ORD-01430,46075,CUST-0222,FD001,White Rice & Stew,Rice Meals,4,1800,0,7200,820,3280,3920,Walk-in,Transfer,Dinner,16,5
ORD-01694,46075,CUST-0273,FD008,Pounded Yam & Vegetable Soup,Swallow,3,3200,0.05,9120,1710,5130,3990,Walk-in,Transfer,Lunch,14,5
ORD-00003,46076,CUST-0021,FD004,Beans & Plantain,Traditional Meals,2,2000,0,4000,960,1920,2080,Takeaway,POS,Dinner,16,5
ORD-00011,46076,CUST-0544,FD003,Fried Rice & Chicken,Rice Meals,2,3000,0,6000,1580,3160,2840,Delivery,Transfer,Dinner,17,5
ORD-00237,46076,CUST-0415,FD006,Eba & Egusi Soup,Swallow,2,2600,0,5200,1320,2640,2560,Walk-in,Transfer,Dinner,17,4
ORD-00382,46076,CUST-0267,FD005,Yam Porridge,Traditional Meals,1,2200,0.05,2090,1050,1050,1040,Walk-in,Cash,Lunch,14,5
ORD-00403,46076,CUST-0295,FD005,Yam Porridge,Traditional Meals,1,2200,0,2200,1050,1050,1150,Delivery,Cash,Lunch,15,4
ORD-00590,46076,CUST-0328,FD001,White Rice & Stew,Rice Meals,2,1800,0,3600,820,1640,1960,Walk-in,POS,Lunch,15,5
ORD-00594,46076,CUST-0008,FD006,Eba & Egusi Soup,Swallow,4,2600,0,10400,1320,5280,5120,Takeaway,POS,Breakfast,8,5
ORD-00801,46076,CUST-0116,FD003,Fried Rice & Chicken,Rice Meals,1,3000,0,3000,1580,1580,1420,Delivery,Transfer,Breakfast,9,5
ORD-00857,46076,CUST-0397,FD004,Beans & Plantain,Traditional Meals,4,2000,0,8000,960,3840,4160,Takeaway,POS,Dinner,18,5
ORD-00995,46076,CUST-0217,FD003,Fried Rice & Chicken,Rice Meals,3,3000,0,9000,1580,4740,4260,Walk-in,POS,Lunch,14,5
ORD-01148,46076,CUST-0480,FD001,White Rice & Stew,Rice Meals,1,1800,0,1800,820,820,980,Delivery,Transfer,Lunch,11,5
ORD-01504,46076,CUST-0200,FD001,White Rice & Stew,Rice Meals,1,1800,0,1800,820,820,980,Walk-in,Transfer,Breakfast,10,4
ORD-01587,46076,CUST-0050,FD003,Fried Rice & Chicken,Rice Meals,2,3000,0,6000,1580,3160,2840,Delivery,Transfer,Dinner,19,5
ORD-00189,46077,CUST-0305,FD001,White Rice & Stew,Rice Meals,1,1800,0,1800,820,820,980,Delivery,Cash,Breakfast,10,3
ORD-00313,46077,CUST-0195,FD006,Eba & Egusi Soup,Swallow,1,2600,0,2600,1320,1320,1280,Walk-in,Cash,Lunch,11,5
ORD-00588,46077,CUST-0233,FD001,White Rice & Stew,Rice Meals,1,1800,0,1800,820,820,980,Walk-in,Cash,Dinner,20,4
ORD-01235,46077,CUST-0546,FD002,Jollof Rice & Chicken,Rice Meals,4,2800,0,11200,1450,5800,5400,Walk-in,POS,Lunch,11,5
ORD-01274,46077,CUST-0103,FD011,Bottled Water,Beverages,1,300,0,300,120,120,180,Takeaway,POS,Breakfast,8,5
ORD-01316,46077,CUST-0195,FD003,Fried Rice & Chicken,Rice Meals,2,3000,0,6000,1580,3160,2840,Walk-in,POS,Dinner,16,4
ORD-01326,46077,CUST-0568,FD004,Beans & Plantain,Traditional Meals,2,2000,0,4000,960,1920,2080,Takeaway,Cash,Lunch,13,4
ORD-01422,46077,CUST-0338,FD004,Beans & Plantain,Traditional Meals,2,2000,0,4000,960,1920,2080,Delivery,POS,Lunch,11,3
ORD-01649,46077,CUST-0494,FD004,Beans & Plantain,Traditional Meals,3,2000,0,6000,960,2880,3120,Takeaway,POS,Lunch,12,4
ORD-00019,46078,CUST-0331,FD002,Jollof Rice & Chicken,Rice Meals,2,2800,0,5600,1450,2900,2700,Walk-in,Transfer,Breakfast,10,3
ORD-00242,46078,CUST-0279,FD006,Eba & Egusi Soup,Swallow,4,2600,0,10400,1320,5280,5120,Takeaway,Cash,Breakfast,8,4
ORD-01096,46078,CUST-0339,FD002,Jollof Rice & Chicken,Rice Meals,2,2800,0,5600,1450,2900,2700,Delivery,Transfer,Lunch,14,5
ORD-01115,46078,CUST-0078,FD005,Yam Porridge,Traditional Meals,2,2200,0,4400,1050,2100,2300,Walk-in,Transfer,Dinner,16,3
ORD-01160,46078,CUST-0105,FD004,Beans & Plantain,Traditional Meals,1,2000,0,2000,960,960,1040,Walk-in,Cash,Dinner,18,4
ORD-01280,46078,CUST-0194,FD002,Jollof Rice & Chicken,Rice Meals,2,2800,0.1,5040,1450,2900,2140,Takeaway,POS,Lunch,12,3
ORD-01355,46078,CUST-0017,FD007,Amala & Ewedu,Swallow,4,2500,0.05,9500,1250,5000,4500,Delivery,Transfer,Lunch,11,5
ORD-01495,46078,CUST-0514,FD001,White Rice & Stew,Rice Meals,1,1800,0,1800,820,820,980,Takeaway,Transfer,Breakfast,8,5
ORD-00205,46079,CUST-0230,FD001,White Rice & Stew,Rice Meals,1,1800,0,1800,820,820,980,Takeaway,Cash,Breakfast,8,5
ORD-00518,46079,CUST-0169,FD001,White Rice & Stew,Rice Meals,2,1800,0,3600,820,1640,1960,Takeaway,Cash,Lunch,15,4
ORD-00698,46079,CUST-0095,FD003,Fried Rice & Chicken,Rice Meals,1,3000,0,3000,1580,1580,1420,Walk-in,POS,Breakfast,9,5
ORD-00591,46080,CUST-0204,FD010,Soft Drink,Beverages,2,600,0,1200,280,560,640,Walk-in,Cash,Dinner,17,5
ORD-00946,46080,CUST-0585,FD009,Moi Moi,Sides,4,900,0,3600,380,1520,2080,Takeaway,POS,Breakfast,10,4
ORD-00973,46080,CUST-0425,FD001,White Rice & Stew,Rice Meals,4,1800,0,7200,820,3280,3920,Walk-in,POS,Lunch,14,4
ORD-01242,46080,CUST-0516,FD004,Beans & Plantain,Traditional Meals,4,2000,0.05,7600,960,3840,3760,Walk-in,POS,Breakfast,9,
ORD-01658,46080,CUST-0472,FD007,Amala & Ewedu,Swallow,1,2500,0,2500,1250,1250,1250,Delivery,Transfer,Lunch,11,3
ORD-01743,46080,CUST-0170,FD007,Amala & Ewedu,Swallow,4,2500,0,10000,1250,5000,5000,Takeaway,Cash,Dinner,16,
ORD-00239,46081,CUST-0360,FD003,Fried Rice & Chicken,Rice Meals,1,3000,0,3000,1580,1580,1420,Takeaway,Cash,Dinner,18,4
ORD-00400,46081,CUST-0302,FD005,Yam Porridge,Traditional Meals,4,2200,0,8800,1050,4200,4600,Takeaway,POS,Lunch,13,4
ORD-01046,46081,CUST-0429,FD001,White Rice & Stew,Rice Meals,2,1800,0,3600,820,1640,1960,Walk-in,POS,Dinner,20,5
ORD-01119,46081,CUST-0076,FD001,White Rice & Stew,Rice Meals,4,1800,0,7200,820,3280,3920,Takeaway,Transfer,Lunch,11,4
ORD-01210,46081,CUST-0543,FD004,Beans & Plantain,Traditional Meals,3,2000,0,6000,960,2880,3120,Walk-in,Cash,Dinner,17,5
ORD-01683,46081,CUST-0376,FD006,Eba & Egusi Soup,Swallow,2,2600,0,5200,1320,2640,2560,Delivery,Transfer,Lunch,11,4
ORD-01709,46081,CUST-0283,FD002,Jollof Rice & Chicken,Rice Meals,2,2800,0.05,5320,1450,2900,2420,Walk-in,POS,Lunch,11,4
ORD-01717,46081,CUST-0426,FD010,Soft Drink,Beverages,4,600,0,2400,280,1120,1280,Takeaway,Transfer,Dinner,16,4
ORD-00394,46082,CUST-0217,FD005,Yam Porridge,Traditional Meals,4,2200,0,8800,1050,4200,4600,Walk-in,POS,Dinner,20,5
ORD-00540,46082,CUST-0473,FD002,Jollof Rice & Chicken,Rice Meals,1,2800,0,2800,1450,1450,1350,Walk-in,POS,Dinner,20,5
ORD-00912,46082,CUST-0006,FD004,Beans & Plantain,Traditional Meals,1,2000,0,2000,960,960,1040,Walk-in,Transfer,Lunch,14,5
ORD-00969,46082,CUST-0271,FD003,Fried Rice & Chicken,Rice Meals,4,3000,0,12000,1580,6320,5680,Walk-in,Transfer,Breakfast,10,5
ORD-01037,46082,CUST-0566,FD003,Fried Rice & Chicken,Rice Meals,1,3000,0,3000,1580,1580,1420,Walk-in,POS,Dinner,16,4
ORD-01407,46082,CUST-0452,FD003,Fried Rice & Chicken,Rice Meals,3,3000,0,9000,1580,4740,4260,Delivery,Transfer,Lunch,12,5
ORD-01619,46082,CUST-0427,FD003,Fried Rice & Chicken,Rice Meals,1,3000,0.1,2700,1580,1580,1120,Walk-in,Cash,Lunch,14,5
ORD-00244,46083,CUST-0399,FD007,Amala & Ewedu,Swallow,2,2500,0.05,4750,1250,2500,2250,Walk-in,Cash,Dinner,18,5
ORD-00475,46083,CUST-0299,FD002,Jollof Rice & Chicken,Rice Meals,3,2800,0,8400,1450,4350,4050,Walk-in,POS,Lunch,13,4
ORD-00555,46083,CUST-0615,FD006,Eba & Egusi Soup,Swallow,1,2600,0,2600,1320,1320,1280,Walk-in,POS,Lunch,15,4
ORD-00729,46083,CUST-0625,FD006,Eba & Egusi Soup,Swallow,4,2600,0,10400,1320,5280,5120,Walk-in,POS,Lunch,15,5
ORD-00747,46083,CUST-0169,FD002,Jollof Rice & Chicken,Rice Meals,4,2800,0,11200,1450,5800,5400,Walk-in,Cash,Lunch,12,3
ORD-00916,46083,CUST-0502,FD003,Fried Rice & Chicken,Rice Meals,3,3000,0.05,8550,1580,4740,3810,Takeaway,Cash,Lunch,15,4
ORD-01384,46083,CUST-0306,FD006,Eba & Egusi Soup,Swallow,3,2600,0,7800,1320,3960,3840,Delivery,POS,Dinner,20,4
ORD-01627,46083,CUST-0170,FD011,Bottled Water,Beverages,2,300,0,600,120,240,360,Takeaway,POS,Lunch,14,5
ORD-00167,46084,CUST-0223,FD009,Moi Moi,Sides,3,900,0,2700,380,1140,1560,Takeaway,POS,Dinner,17,3
ORD-00433,46084,CUST-0099,FD006,Eba & Egusi Soup,Swallow,3,2600,0,7800,1320,3960,3840,Walk-in,Transfer,Lunch,14,4
ORD-00624,46084,CUST-0522,FD001,White Rice & Stew,Rice Meals,2,1800,0,3600,820,1640,1960,Walk-in,POS,Lunch,11,4
ORD-00852,46084,CUST-0607,FD002,Jollof Rice & Chicken,Rice Meals,1,2800,0,2800,1450,1450,1350,Takeaway,Transfer,Breakfast,8,4
ORD-00864,46084,CUST-0006,FD002,Jollof Rice & Chicken,Rice Meals,1,2800,0.05,2660,1450,1450,1210,Takeaway,Transfer,Lunch,12,4
ORD-00291,46085,CUST-0364,FD006,Eba & Egusi Soup,Swallow,3,2600,0,7800,1320,3960,3840,Walk-in,Transfer,Lunch,13,5
ORD-00530,46085,CUST-0356,FD001,White Rice & Stew,Rice Meals,2,1800,0,3600,820,1640,1960,Walk-in,Cash,Dinner,16,4
ORD-00699,46085,CUST-0290,FD004,Beans & Plantain,Traditional Meals,4,2000,0,8000,960,3840,4160,Takeaway,Transfer,Lunch,13,5
ORD-00772,46085,CUST-0581,FD001,White Rice & Stew,Rice Meals,2,1800,0,3600,820,1640,1960,Takeaway,Transfer,Dinner,18,5
ORD-00089,46086,CUST-0208,FD001,White Rice & Stew,Rice Meals,4,1800,0,7200,820,3280,3920,Walk-in,Cash,Breakfast,10,4
ORD-00175,46086,CUST-0504,FD001,White Rice & Stew,Rice Meals,3,1800,0.05,5130,820,2460,2670,Walk-in,Cash,Dinner,17,5
ORD-00437,46086,CUST-0497,FD011,Bottled Water,Beverages,1,300,0,300,120,120,180,Walk-in,POS,Lunch,12,5
ORD-00665,46086,CUST-0185,FD011,Bottled Water,Beverages,3,300,0,900,120,360,540,Delivery,Transfer,Dinner,18,5
ORD-00739,46086,CUST-0226,FD001,White Rice & Stew,Rice Meals,1,1800,0,1800,820,820,980,Takeaway,POS,Breakfast,9,4
ORD-00740,46086,CUST-0302,FD005,Yam Porridge,Traditional Meals,1,2200,0,2200,1050,1050,1150,Walk-in,POS,Lunch,12,3
ORD-00788,46086,CUST-0599,FD010,Soft Drink,Beverages,3,600,0,1800,280,840,960,Walk-in,Cash,Dinner,16,4
ORD-00870,46086,CUST-0637,FD003,Fried Rice & Chicken,Rice Meals,1,3000,0,3000,1580,1580,1420,Walk-in,POS,Lunch,12,4
ORD-00879,46086,CUST-0002,FD001,White Rice & Stew,Rice Meals,4,1800,0,7200,820,3280,3920,Walk-in,Transfer,Lunch,14,5
ORD-01107,46086,CUST-0593,FD004,Beans & Plantain,Traditional Meals,1,2000,0,2000,960,960,1040,Takeaway,Cash,Lunch,14,4
ORD-01109,46086,CUST-0082,FD007,Amala & Ewedu,Swallow,3,2500,0,7500,1250,3750,3750,Takeaway,POS,Lunch,12,4
ORD-01173,46086,CUST-0078,FD003,Fried Rice & Chicken,Rice Meals,2,3000,0,6000,1580,3160,2840,Walk-in,Cash,Lunch,11,5
ORD-01188,46086,CUST-0369,FD005,Yam Porridge,Traditional Meals,2,2200,0,4400,1050,2100,2300,Delivery,POS,Lunch,14,4
ORD-01217,46086,CUST-0498,FD005,Yam Porridge,Traditional Meals,2,2200,0,4400,1050,2100,2300,Walk-in,Transfer,Lunch,12,5
ORD-01498,46086,CUST-0001,FD008,Pounded Yam & Vegetable Soup,Swallow,2,3200,0,6400,1710,3420,2980,Takeaway,Transfer,Breakfast,10,5
ORD-00823,46087,CUST-0469,FD006,Eba & Egusi Soup,Swallow,1,2600,0,2600,1320,1320,1280,Walk-in,POS,Breakfast,9,4
ORD-00834,46087,CUST-0248,FD004,Beans & Plantain,Traditional Meals,1,2000,0.05,1900,960,960,940,Walk-in,Transfer,Dinner,17,5
ORD-00835,46087,CUST-0064,FD003,Fried Rice & Chicken,Rice Meals,2,3000,0,6000,1580,3160,2840,Takeaway,POS,Breakfast,10,3
ORD-01051,46087,CUST-0045,FD002,Jollof Rice & Chicken,Rice Meals,4,2800,0,11200,1450,5800,5400,Takeaway,Cash,Dinner,17,5
ORD-01110,46087,CUST-0314,FD001,White Rice & Stew,Rice Meals,1,1800,0,1800,820,820,980,Walk-in,Transfer,Lunch,12,5
ORD-01212,46087,CUST-0583,FD007,Amala & Ewedu,Swallow,1,2500,0,2500,1250,1250,1250,Walk-in,Transfer,Dinner,20,3
ORD-01372,46087,CUST-0369,FD003,Fried Rice & Chicken,Rice Meals,2,3000,0,6000,1580,3160,2840,Takeaway,Cash,Lunch,12,5
ORD-01375,46087,CUST-0360,FD006,Eba & Egusi Soup,Swallow,2,2600,0,5200,1320,2640,2560,Walk-in,Transfer,Dinner,20,4
ORD-01420,46087,CUST-0172,FD010,Soft Drink,Beverages,1,600,0,600,280,280,320,Walk-in,Cash,Lunch,12,4
ORD-00023,46088,CUST-0649,FD001,White Rice & Stew,Rice Meals,2,1800,0,3600,820,1640,1960,Delivery,POS,Lunch,12,3
ORD-00208,46088,CUST-0281,FD006,Eba & Egusi Soup,Swallow,4,2600,0,10400,1320,5280,5120,Takeaway,Cash,Lunch,12,3
ORD-00281,46088,CUST-0500,FD006,Eba & Egusi Soup,Swallow,3,2600,0,7800,1320,3960,3840,Takeaway,POS,Lunch,12,5
ORD-00781,46088,CUST-0648,FD003,Fried Rice & Chicken,Rice Meals,4,3000,0,12000,1580,6320,5680,Walk-in,POS,Dinner,19,3
ORD-00913,46088,CUST-0523,FD002,Jollof Rice & Chicken,Rice Meals,2,2800,0,5600,1450,2900,2700,Walk-in,Transfer,Breakfast,9,5
ORD-01532,46088,CUST-0571,FD004,Beans & Plantain,Traditional Meals,4,2000,0,8000,960,3840,4160,Walk-in,Cash,Dinner,16,
ORD-01539,46088,CUST-0398,FD008,Pounded Yam & Vegetable Soup,Swallow,2,3200,0,6400,1710,3420,2980,Walk-in,Cash,Lunch,11,4
ORD-00424,46089,CUST-0478,FD005,Yam Porridge,Traditional Meals,2,2200,0,4400,1050,2100,2300,Takeaway,POS,Lunch,15,3
ORD-01108,46089,CUST-0092,FD004,Beans & Plantain,Traditional Meals,1,2000,0,2000,960,960,1040,Walk-in,POS,Dinner,17,4
ORD-01155,46089,CUST-0263,FD002,Jollof Rice & Chicken,Rice Meals,4,2800,0,11200,1450,5800,5400,Delivery,POS,Lunch,11,5
ORD-01194,46089,CUST-0362,FD003,Fried Rice & Chicken,Rice Meals,2,3000,0,6000,1580,3160,2840,Takeaway,Transfer,Lunch,12,4
ORD-00308,46090,CUST-0111,FD002,Jollof Rice & Chicken,Rice Meals,1,2800,0,2800,1450,1450,1350,Walk-in,Transfer,Breakfast,10,5
ORD-00486,46090,CUST-0528,FD005,Yam Porridge,Traditional Meals,1,2200,0.1,1980,1050,1050,930,Delivery,Transfer,Dinner,16,5
ORD-00550,46090,CUST-0101,FD007,Amala & Ewedu,Swallow,1,2500,0,2500,1250,1250,1250,Takeaway,Transfer,Breakfast,10,5
ORD-00667,46090,CUST-0067,FD007,Amala & Ewedu,Swallow,3,2500,0,7500,1250,3750,3750,Takeaway,POS,Dinner,20,
ORD-01070,46090,CUST-0613,FD006,Eba & Egusi Soup,Swallow,4,2600,0.05,9880,1320,5280,4600,Walk-in,Cash,Lunch,12,3
ORD-01083,46090,CUST-0113,FD002,Jollof Rice & Chicken,Rice Meals,2,2800,0,5600,1450,2900,2700,Takeaway,Cash,Breakfast,10,4
ORD-01121,46090,CUST-0271,FD002,Jollof Rice & Chicken,Rice Meals,4,2800,0,11200,1450,5800,5400,Takeaway,Cash,Dinner,19,5
ORD-01271,46090,CUST-0584,FD002,Jollof Rice & Chicken,Rice Meals,1,2800,0,2800,1450,1450,1350,Takeaway,POS,Lunch,13,5
ORD-01315,46090,CUST-0126,FD002,Jollof Rice & Chicken,Rice Meals,3,2800,0,8400,1450,4350,4050,Takeaway,Transfer,Lunch,14,4
ORD-01458,46090,CUST-0102,FD005,Yam Porridge,Traditional Meals,3,2200,0,6600,1050,3150,3450,Walk-in,POS,Dinner,18,4
ORD-01472,46090,CUST-0237,FD002,Jollof Rice & Chicken,Rice Meals,3,2800,0,8400,1450,4350,4050,Walk-in,Transfer,Lunch,13,4
ORD-01505,46090,CUST-0182,FD001,White Rice & Stew,Rice Meals,4,1800,0.05,6840,820,3280,3560,Walk-in,Cash,Lunch,12,5
ORD-01525,46090,CUST-0433,FD006,Eba & Egusi Soup,Swallow,1,2600,0,2600,1320,1320,1280,Takeaway,Transfer,Lunch,12,5
ORD-00086,46091,CUST-0529,FD004,Beans & Plantain,Traditional Meals,1,2000,0,2000,960,960,1040,Delivery,POS,Dinner,17,4
ORD-00310,46091,CUST-0334,FD002,Jollof Rice & Chicken,Rice Meals,1,2800,0,2800,1450,1450,1350,Walk-in,Cash,Dinner,19,5
ORD-00451,46091,CUST-0306,FD001,White Rice & Stew,Rice Meals,1,1800,0,1800,820,820,980,Walk-in,Transfer,Lunch,14,4
ORD-00647,46091,CUST-0124,FD005,Yam Porridge,Traditional Meals,2,2200,0,4400,1050,2100,2300,Walk-in,Transfer,Dinner,18,4
ORD-00756,46091,CUST-0187,FD005,Yam Porridge,Traditional Meals,4,2200,0,8800,1050,4200,4600,Walk-in,POS,Dinner,18,4
ORD-01024,46091,CUST-0178,FD004,Beans & Plantain,Traditional Meals,3,2000,0,6000,960,2880,3120,Walk-in,Transfer,Breakfast,8,4
ORD-01040,46091,CUST-0260,FD001,White Rice & Stew,Rice Meals,2,1800,0,3600,820,1640,1960,Delivery,Transfer,Dinner,19,4
ORD-01090,46091,CUST-0194,FD008,Pounded Yam & Vegetable Soup,Swallow,2,3200,0,6400,1710,3420,2980,Walk-in,POS,Breakfast,10,5
ORD-01367,46091,CUST-0206,FD003,Fried Rice & Chicken,Rice Meals,1,3000,0,3000,1580,1580,1420,Takeaway,POS,Dinner,18,4
ORD-00343,46092,CUST-0269,FD005,Yam Porridge,Traditional Meals,1,2200,0,2200,1050,1050,1150,Walk-in,POS,Dinner,19,4
ORD-00452,46092,CUST-0188,FD003,Fried Rice & Chicken,Rice Meals,1,3000,0,3000,1580,1580,1420,Walk-in,POS,Lunch,11,
ORD-00579,46092,CUST-0324,FD006,Eba & Egusi Soup,Swallow,2,2600,0,5200,1320,2640,2560,Walk-in,Cash,Breakfast,8,4
ORD-00744,46092,CUST-0369,FD008,Pounded Yam & Vegetable Soup,Swallow,1,3200,0,3200,1710,1710,1490,Takeaway,Cash,Dinner,17,3
ORD-00822,46092,CUST-0406,FD005,Yam Porridge,Traditional Meals,1,2200,0,2200,1050,1050,1150,Delivery,POS,Breakfast,9,5
ORD-01205,46092,CUST-0147,FD002,Jollof Rice & Chicken,Rice Meals,4,2800,0,11200,1450,5800,5400,Walk-in,Transfer,Lunch,11,4
ORD-01312,46092,CUST-0292,FD003,Fried Rice & Chicken,Rice Meals,3,3000,0,9000,1580,4740,4260,Walk-in,Cash,Lunch,11,3
ORD-00224,46093,CUST-0603,FD002,Jollof Rice & Chicken,Rice Meals,1,2800,0,2800,1450,1450,1350,Walk-in,POS,Lunch,14,4
ORD-00512,46093,CUST-0634,FD004,Beans & Plantain,Traditional Meals,2,2000,0,4000,960,1920,2080,Walk-in,POS,Lunch,13,5
ORD-00612,46093,CUST-0028,FD002,Jollof Rice & Chicken,Rice Meals,3,2800,0.05,7980,1450,4350,3630,Delivery,Transfer,Lunch,13,
ORD-01255,46093,CUST-0017,FD008,Pounded Yam & Vegetable Soup,Swallow,4,3200,0,12800,1710,6840,5960,Walk-in,Cash,Lunch,14,5
ORD-01551,46093,CUST-0242,FD011,Bottled Water,Beverages,4,300,0,1200,120,480,720,Walk-in,Cash,Lunch,12,4
ORD-01560,46093,CUST-0648,FD010,Soft Drink,Beverages,1,600,0,600,280,280,320,Takeaway,Transfer,Dinner,16,4
ORD-01583,46093,CUST-0221,FD005,Yam Porridge,Traditional Meals,4,2200,0,8800,1050,4200,4600,Walk-in,POS,Lunch,15,4
ORD-01750,46093,CUST-0386,FD007,Amala & Ewedu,Swallow,2,2500,0,5000,1250,2500,2500,Delivery,POS,Breakfast,9,4
ORD-00726,46094,CUST-0208,FD003,Fried Rice & Chicken,Rice Meals,4,3000,0,12000,1580,6320,5680,Delivery,Cash,Lunch,13,4
ORD-00935,46094,CUST-0355,FD008,Pounded Yam & Vegetable Soup,Swallow,3,3200,0,9600,1710,5130,4470,Walk-in,Cash,Dinner,18,3
ORD-01032,46094,CUST-0229,FD001,White Rice & Stew,Rice Meals,3,1800,0,5400,820,2460,2940,Takeaway,Cash,Dinner,19,
ORD-01179,46094,CUST-0232,FD001,White Rice & Stew,Rice Meals,1,1800,0,1800,820,820,980,Walk-in,Cash,Dinner,17,4
ORD-01366,46094,CUST-0400,FD004,Beans & Plantain,Traditional Meals,4,2000,0,8000,960,3840,4160,Walk-in,Cash,Lunch,15,4
ORD-01410,46094,CUST-0242,FD008,Pounded Yam & Vegetable Soup,Swallow,2,3200,0,6400,1710,3420,2980,Walk-in,Cash,Lunch,15,5
ORD-01485,46094,CUST-0254,FD003,Fried Rice & Chicken,Rice Meals,2,3000,0,6000,1580,3160,2840,Walk-in,POS,Lunch,13,4
ORD-01605,46094,CUST-0238,FD001,White Rice & Stew,Rice Meals,3,1800,0,5400,820,2460,2940,Delivery,Cash,Dinner,20,5
ORD-01678,46094,CUST-0540,FD003,Fried Rice & Chicken,Rice Meals,1,3000,0,3000,1580,1580,1420,Takeaway,POS,Lunch,11,4
ORD-00028,46095,CUST-0169,FD009,Moi Moi,Sides,3,900,0,2700,380,1140,1560,Takeaway,POS,Dinner,20,4
ORD-00102,46095,CUST-0444,FD001,White Rice & Stew,Rice Meals,3,1800,0,5400,820,2460,2940,Walk-in,Transfer,Lunch,15,5
ORD-00215,46095,CUST-0444,FD003,Fried Rice & Chicken,Rice Meals,1,3000,0,3000,1580,1580,1420,Takeaway,POS,Lunch,13,4
ORD-00306,46095,CUST-0243,FD005,Yam Porridge,Traditional Meals,4,2200,0,8800,1050,4200,4600,Delivery,POS,Lunch,13,4
ORD-00491,46095,CUST-0585,FD009,Moi Moi,Sides,2,900,0,1800,380,760,1040,Delivery,Transfer,Dinner,18,4
ORD-00562,46095,CUST-0609,FD008,Pounded Yam & Vegetable Soup,Swallow,4,3200,0,12800,1710,6840,5960,Walk-in,Cash,Lunch,15,5
ORD-00683,46095,CUST-0494,FD012,Fried Plantain,Sides,2,700,0,1400,300,600,800,Walk-in,POS,Dinner,16,4
ORD-00730,46095,CUST-0586,FD002,Jollof Rice & Chicken,Rice Meals,4,2800,0,11200,1450,5800,5400,Walk-in,Cash,Breakfast,9,5
ORD-00742,46095,CUST-0060,FD005,Yam Porridge,Traditional Meals,2,2200,0,4400,1050,2100,2300,Takeaway,Transfer,Lunch,12,4
ORD-00991,46095,CUST-0138,FD006,Eba & Egusi Soup,Swallow,3,2600,0,7800,1320,3960,3840,Walk-in,Cash,Lunch,15,3
ORD-01007,46095,CUST-0221,FD002,Jollof Rice & Chicken,Rice Meals,4,2800,0,11200,1450,5800,5400,Walk-in,Transfer,Breakfast,8,3
ORD-01169,46095,CUST-0150,FD001,White Rice & Stew,Rice Meals,4,1800,0,7200,820,3280,3920,Walk-in,Transfer,Dinner,19,3
ORD-00893,46096,CUST-0002,FD005,Yam Porridge,Traditional Meals,2,2200,0,4400,1050,2100,2300,Takeaway,Transfer,Lunch,14,4
ORD-00972,46096,CUST-0607,FD005,Yam Porridge,Traditional Meals,3,2200,0,6600,1050,3150,3450,Takeaway,Cash,Lunch,15,4
ORD-01034,46096,CUST-0254,FD001,White Rice & Stew,Rice Meals,4,1800,0,7200,820,3280,3920,Walk-in,Transfer,Lunch,12,4
ORD-01041,46096,CUST-0097,FD008,Pounded Yam & Vegetable Soup,Swallow,4,3200,0,12800,1710,6840,5960,Walk-in,Transfer,Dinner,19,4
ORD-01259,46096,CUST-0055,FD008,Pounded Yam & Vegetable Soup,Swallow,4,3200,0,12800,1710,6840,5960,Walk-in,POS,Lunch,14,4
ORD-01325,46096,CUST-0478,FD002,Jollof Rice & Chicken,Rice Meals,3,2800,0,8400,1450,4350,4050,Walk-in,Cash,Dinner,17,4
ORD-01646,46096,CUST-0366,FD005,Yam Porridge,Traditional Meals,2,2200,0,4400,1050,2100,2300,Walk-in,Cash,Dinner,17,5
ORD-00095,46097,CUST-0266,FD003,Fried Rice & Chicken,Rice Meals,3,3000,0,9000,1580,4740,4260,Walk-in,Cash,Lunch,13,5
ORD-00861,46097,CUST-0280,FD003,Fried Rice & Chicken,Rice Meals,3,3000,0,9000,1580,4740,4260,Delivery,Transfer,Lunch,15,5
ORD-00877,46097,CUST-0042,FD007,Amala & Ewedu,Swallow,3,2500,0,7500,1250,3750,3750,Walk-in,POS,Breakfast,8,5
ORD-00909,46097,CUST-0057,FD003,Fried Rice & Chicken,Rice Meals,3,3000,0,9000,1580,4740,4260,Takeaway,Cash,Breakfast,8,4
ORD-00948,46097,CUST-0368,FD003,Fried Rice & Chicken,Rice Meals,1,3000,0,3000,1580,1580,1420,Walk-in,POS,Dinner,18,4
ORD-01193,46097,CUST-0349,FD005,Yam Porridge,Traditional Meals,3,2200,0,6600,1050,3150,3450,Takeaway,POS,Lunch,11,4
ORD-01778,46097,CUST-0266,FD001,White Rice & Stew,Rice Meals,3,1800,0,5400,820,2460,2940,Takeaway,POS,Dinner,18,4
ORD-00043,46098,CUST-0332,FD001,White Rice & Stew,Rice Meals,3,1800,0,5400,820,2460,2940,Takeaway,Cash,Lunch,15,5
ORD-00381,46098,CUST-0277,FD001,White Rice & Stew,Rice Meals,3,1800,0.05,5130,820,2460,2670,Walk-in,Transfer,Lunch,15,5
ORD-00511,46098,CUST-0620,FD001,White Rice & Stew,Rice Meals,1,1800,0,1800,820,820,980,Walk-in,Transfer,Lunch,12,5
ORD-01598,46098,CUST-0429,FD004,Beans & Plantain,Traditional Meals,4,2000,0,8000,960,3840,4160,Walk-in,POS,Lunch,12,3
ORD-00161,46099,CUST-0578,FD004,Beans & Plantain,Traditional Meals,1,2000,0,2000,960,960,1040,Takeaway,POS,Lunch,13,5
ORD-00445,46099,CUST-0124,FD006,Eba & Egusi Soup,Swallow,4,2600,0,10400,1320,5280,5120,Walk-in,POS,Breakfast,8,4
ORD-00627,46099,CUST-0452,FD001,White Rice & Stew,Rice Meals,1,1800,0,1800,820,820,980,Delivery,Transfer,Lunch,12,
ORD-01054,46099,CUST-0324,FD005,Yam Porridge,Traditional Meals,2,2200,0,4400,1050,2100,2300,Delivery,Cash,Lunch,14,4
ORD-01285,46099,CUST-0385,FD001,White Rice & Stew,Rice Meals,2,1800,0,3600,820,1640,1960,Walk-in,POS,Lunch,15,4
ORD-01298,46099,CUST-0062,FD001,White Rice & Stew,Rice Meals,4,1800,0,7200,820,3280,3920,Takeaway,Cash,Dinner,16,4
ORD-00287,46100,CUST-0502,FD001,White Rice & Stew,Rice Meals,2,1800,0,3600,820,1640,1960,Walk-in,Transfer,Breakfast,9,5
ORD-00971,46100,CUST-0558,FD008,Pounded Yam & Vegetable Soup,Swallow,4,3200,0,12800,1710,6840,5960,Takeaway,Transfer,Breakfast,8,5
ORD-01444,46100,CUST-0565,FD005,Yam Porridge,Traditional Meals,2,2200,0,4400,1050,2100,2300,Walk-in,POS,Dinner,16,4
ORD-01476,46100,CUST-0527,FD003,Fried Rice & Chicken,Rice Meals,1,3000,0,3000,1580,1580,1420,Takeaway,Cash,Dinner,16,4
ORD-01564,46100,CUST-0241,FD003,Fried Rice & Chicken,Rice Meals,3,3000,0,9000,1580,4740,4260,Walk-in,Transfer,Lunch,15,5
ORD-01695,46100,CUST-0603,FD002,Jollof Rice & Chicken,Rice Meals,3,2800,0.05,7980,1450,4350,3630,Walk-in,Cash,Breakfast,9,3
ORD-00248,46101,CUST-0580,FD002,Jollof Rice & Chicken,Rice Meals,1,2800,0,2800,1450,1450,1350,Walk-in,POS,Lunch,15,5
ORD-00302,46101,CUST-0018,FD004,Beans & Plantain,Traditional Meals,3,2000,0,6000,960,2880,3120,Delivery,Transfer,Breakfast,10,5
ORD-00733,46101,CUST-0105,FD002,Jollof Rice & Chicken,Rice Meals,3,2800,0,8400,1450,4350,4050,Takeaway,Transfer,Dinner,18,4
ORD-00990,46101,CUST-0181,FD004,Beans & Plantain,Traditional Meals,3,2000,0,6000,960,2880,3120,Walk-in,Transfer,Dinner,19,4
ORD-01594,46101,CUST-0019,FD008,Pounded Yam & Vegetable Soup,Swallow,1,3200,0,3200,1710,1710,1490,Walk-in,Transfer,Lunch,13,5
ORD-01706,46101,CUST-0004,FD001,White Rice & Stew,Rice Meals,4,1800,0,7200,820,3280,3920,Walk-in,Cash,Lunch,15,4
ORD-00156,46102,CUST-0463,FD009,Moi Moi,Sides,2,900,0,1800,380,760,1040,Delivery,Transfer,Lunch,12,4
ORD-00159,46102,CUST-0034,FD003,Fried Rice & Chicken,Rice Meals,3,3000,0,9000,1580,4740,4260,Walk-in,POS,Lunch,13,5
ORD-00505,46102,CUST-0588,FD006,Eba & Egusi Soup,Swallow,1,2600,0,2600,1320,1320,1280,Walk-in,Transfer,Lunch,14,3
ORD-00629,46102,CUST-0451,FD005,Yam Porridge,Traditional Meals,2,2200,0.05,4180,1050,2100,2080,Takeaway,Transfer,Dinner,17,4
ORD-00874,46102,CUST-0118,FD011,Bottled Water,Beverages,1,300,0,300,120,120,180,Walk-in,Transfer,Lunch,14,5
ORD-01290,46102,CUST-0315,FD006,Eba & Egusi Soup,Swallow,4,2600,0,10400,1320,5280,5120,Walk-in,Cash,Lunch,15,4
ORD-00125,46103,CUST-0053,FD002,Jollof Rice & Chicken,Rice Meals,2,2800,0,5600,1450,2900,2700,Takeaway,Transfer,Lunch,14,4
ORD-00460,46103,CUST-0021,FD001,White Rice & Stew,Rice Meals,4,1800,0,7200,820,3280,3920,Walk-in,POS,Lunch,13,4
ORD-00576,46103,CUST-0336,FD002,Jollof Rice & Chicken,Rice Meals,1,2800,0,2800,1450,1450,1350,Walk-in,Cash,Breakfast,8,4
ORD-00812,46103,CUST-0347,FD006,Eba & Egusi Soup,Swallow,2,2600,0,5200,1320,2640,2560,Takeaway,Cash,Lunch,14,4
ORD-01219,46103,CUST-0591,FD002,Jollof Rice & Chicken,Rice Meals,2,2800,0,5600,1450,2900,2700,Walk-in,POS,Lunch,13,5
ORD-01376,46103,CUST-0061,FD003,Fried Rice & Chicken,Rice Meals,4,3000,0.05,11400,1580,6320,5080,Delivery,Transfer,Breakfast,9,4
ORD-01667,46103,CUST-0019,FD001,White Rice & Stew,Rice Meals,2,1800,0,3600,820,1640,1960,Delivery,POS,Lunch,11,4
ORD-01714,46103,CUST-0392,FD001,White Rice & Stew,Rice Meals,4,1800,0.1,6480,820,3280,3200,Delivery,Transfer,Dinner,18,5
ORD-01721,46103,CUST-0025,FD002,Jollof Rice & Chicken,Rice Meals,4,2800,0,11200,1450,5800,5400,Delivery,POS,Lunch,15,4
ORD-01740,46103,CUST-0441,FD011,Bottled Water,Beverages,1,300,0,300,120,120,180,Walk-in,Cash,Lunch,12,4
ORD-00029,46104,CUST-0196,FD001,White Rice & Stew,Rice Meals,1,1800,0,1800,820,820,980,Walk-in,Cash,Breakfast,10,4
ORD-00214,46104,CUST-0302,FD002,Jollof Rice & Chicken,Rice Meals,2,2800,0,5600,1450,2900,2700,Delivery,Transfer,Dinner,18,5
ORD-00229,46104,CUST-0336,FD006,Eba & Egusi Soup,Swallow,1,2600,0,2600,1320,1320,1280,Takeaway,Cash,Lunch,15,5
ORD-00266,46104,CUST-0383,FD008,Pounded Yam & Vegetable Soup,Swallow,3,3200,0,9600,1710,5130,4470,Walk-in,Transfer,Lunch,12,
ORD-00401,46104,CUST-0418,FD002,Jollof Rice & Chicken,Rice Meals,3,2800,0,8400,1450,4350,4050,Takeaway,Cash,Lunch,14,4
ORD-00413,46104,CUST-0150,FD010,Soft Drink,Beverages,2,600,0,1200,280,560,640,Takeaway,Transfer,Lunch,12,5
ORD-00608,46104,CUST-0028,FD006,Eba & Egusi Soup,Swallow,2,2600,0,5200,1320,2640,2560,Walk-in,Cash,Breakfast,10,3
ORD-00939,46104,CUST-0499,FD002,Jollof Rice & Chicken,Rice Meals,3,2800,0.05,7980,1450,4350,3630,Walk-in,Transfer,Lunch,14,5
ORD-01421,46104,CUST-0415,FD002,Jollof Rice & Chicken,Rice Meals,2,2800,0.05,5320,1450,2900,2420,Walk-in,Cash,Dinner,18,4
ORD-01725,46104,CUST-0415,FD001,White Rice & Stew,Rice Meals,1,1800,0,1800,820,820,980,Walk-in,Transfer,Breakfast,9,5
ORD-00227,46105,CUST-0142,FD003,Fried Rice & Chicken,Rice Meals,2,3000,0,6000,1580,3160,2840,Walk-in,Cash,Breakfast,8,4
ORD-00492,46105,CUST-0305,FD006,Eba & Egusi Soup,Swallow,2,2600,0.05,4940,1320,2640,2300,Walk-in,POS,Breakfast,8,5
ORD-00982,46105,CUST-0177,FD003,Fried Rice & Chicken,Rice Meals,3,3000,0,9000,1580,4740,4260,Delivery,Cash,Dinner,18,5
ORD-01258,46105,CUST-0184,FD007,Amala & Ewedu,Swallow,2,2500,0,5000,1250,2500,2500,Walk-in,POS,Lunch,11,4
ORD-01704,46105,CUST-0091,FD001,White Rice & Stew,Rice Meals,2,1800,0,3600,820,1640,1960,Delivery,Transfer,Lunch,11,5
ORD-01776,46105,CUST-0120,FD002,Jollof Rice & Chicken,Rice Meals,3,2800,0,8400,1450,4350,4050,Takeaway,Cash,Lunch,12,5
ORD-00473,46106,CUST-0102,FD009,Moi Moi,Sides,2,900,0,1800,380,760,1040,Takeaway,POS,Lunch,12,
ORD-00549,46106,CUST-0150,FD002,Jollof Rice & Chicken,Rice Meals,4,2800,0,11200,1450,5800,5400,Takeaway,Transfer,Lunch,12,4
ORD-00743,46106,CUST-0328,FD003,Fried Rice & Chicken,Rice Meals,3,3000,0,9000,1580,4740,4260,Walk-in,Cash,Lunch,15,4
ORD-01086,46106,CUST-0071,FD001,White Rice & Stew,Rice Meals,2,1800,0.05,3420,820,1640,1780,Walk-in,POS,Lunch,12,3
ORD-01200,46106,CUST-0323,FD008,Pounded Yam & Vegetable Soup,Swallow,2,3200,0,6400,1710,3420,2980,Walk-in,Transfer,Dinner,17,5
ORD-01299,46106,CUST-0320,FD002,Jollof Rice & Chicken,Rice Meals,2,2800,0,5600,1450,2900,2700,Walk-in,Transfer,Lunch,13,4
ORD-01759,46106,CUST-0562,FD003,Fried Rice & Chicken,Rice Meals,1,3000,0,3000,1580,1580,1420,Takeaway,Cash,Lunch,12,4
ORD-00087,46107,CUST-0099,FD002,Jollof Rice & Chicken,Rice Meals,4,2800,0,11200,1450,5800,5400,Takeaway,POS,Lunch,15,4
ORD-00367,46107,CUST-0491,FD011,Bottled Water,Beverages,2,300,0,600,120,240,360,Takeaway,Cash,Breakfast,8,4
ORD-00603,46107,CUST-0469,FD003,Fried Rice & Chicken,Rice Meals,2,3000,0.05,5700,1580,3160,2540,Takeaway,POS,Dinner,16,4
ORD-00645,46107,CUST-0222,FD003,Fried Rice & Chicken,Rice Meals,4,3000,0,12000,1580,6320,5680,Walk-in,POS,Lunch,14,4
ORD-00764,46107,CUST-0508,FD010,Soft Drink,Beverages,4,600,0,2400,280,1120,1280,Delivery,POS,Dinner,19,4
ORD-00765,46107,CUST-0084,FD003,Fried Rice & Chicken,Rice Meals,1,3000,0,3000,1580,1580,1420,Takeaway,Transfer,Dinner,17,5
ORD-01389,46107,CUST-0523,FD008,Pounded Yam & Vegetable Soup,Swallow,1,3200,0,3200,1710,1710,1490,Takeaway,Transfer,Lunch,13,5
ORD-01637,46107,CUST-0081,FD007,Amala & Ewedu,Swallow,4,2500,0,10000,1250,5000,5000,Delivery,Cash,Lunch,12,4
ORD-00145,46108,CUST-0508,FD009,Moi Moi,Sides,4,900,0.05,3420,380,1520,1900,Walk-in,Cash,Breakfast,8,3
ORD-00286,46108,CUST-0215,FD003,Fried Rice & Chicken,Rice Meals,4,3000,0.05,11400,1580,6320,5080,Walk-in,Transfer,Lunch,13,4
ORD-00593,46108,CUST-0460,FD002,Jollof Rice & Chicken,Rice Meals,2,2800,0,5600,1450,2900,2700,Delivery,POS,Breakfast,8,5
ORD-00620,46108,CUST-0537,FD001,White Rice & Stew,Rice Meals,3,1800,0,5400,820,2460,2940,Walk-in,POS,Dinner,20,4
ORD-00767,46108,CUST-0470,FD005,Yam Porridge,Traditional Meals,2,2200,0,4400,1050,2100,2300,Delivery,POS,Lunch,13,4
ORD-00800,46108,CUST-0637,FD002,Jollof Rice & Chicken,Rice Meals,2,2800,0,5600,1450,2900,2700,Takeaway,POS,Dinner,20,5
ORD-00885,46108,CUST-0429,FD004,Beans & Plantain,Traditional Meals,3,2000,0,6000,960,2880,3120,Walk-in,Transfer,Lunch,13,4
ORD-01072,46108,CUST-0217,FD005,Yam Porridge,Traditional Meals,3,2200,0,6600,1050,3150,3450,Delivery,Transfer,Dinner,16,4
ORD-01084,46108,CUST-0376,FD007,Amala & Ewedu,Swallow,3,2500,0,7500,1250,3750,3750,Takeaway,Cash,Breakfast,9,3
ORD-01122,46108,CUST-0032,FD006,Eba & Egusi Soup,Swallow,1,2600,0,2600,1320,1320,1280,Walk-in,POS,Lunch,11,5
ORD-01399,46108,CUST-0240,FD002,Jollof Rice & Chicken,Rice Meals,1,2800,0,2800,1450,1450,1350,Walk-in,Transfer,Lunch,14,4
ORD-01571,46108,CUST-0151,FD002,Jollof Rice & Chicken,Rice Meals,1,2800,0,2800,1450,1450,1350,Takeaway,Cash,Dinner,17,4
ORD-01720,46108,CUST-0281,FD006,Eba & Egusi Soup,Swallow,4,2600,0,10400,1320,5280,5120,Walk-in,POS,Lunch,12,5
ORD-00442,46109,CUST-0369,FD001,White Rice & Stew,Rice Meals,4,1800,0,7200,820,3280,3920,Delivery,Cash,Lunch,15,4
ORD-00485,46109,CUST-0541,FD001,White Rice & Stew,Rice Meals,4,1800,0,7200,820,3280,3920,Delivery,POS,Dinner,20,3
ORD-00496,46109,CUST-0241,FD004,Beans & Plantain,Traditional Meals,4,2000,0,8000,960,3840,4160,Walk-in,Transfer,Dinner,18,5
ORD-01081,46109,CUST-0268,FD001,White Rice & Stew,Rice Meals,2,1800,0,3600,820,1640,1960,Walk-in,Transfer,Lunch,15,5
ORD-01112,46109,CUST-0307,FD003,Fried Rice & Chicken,Rice Meals,2,3000,0,6000,1580,3160,2840,Takeaway,Transfer,Dinner,17,5
ORD-01643,46109,CUST-0541,FD004,Beans & Plantain,Traditional Meals,1,2000,0,2000,960,960,1040,Takeaway,Cash,Dinner,19,5
ORD-01735,46109,CUST-0155,FD006,Eba & Egusi Soup,Swallow,4,2600,0.05,9880,1320,5280,4600,Takeaway,POS,Breakfast,9,4
ORD-01766,46109,CUST-0580,FD001,White Rice & Stew,Rice Meals,2,1800,0,3600,820,1640,1960,Walk-in,POS,Lunch,13,3
ORD-00073,46110,CUST-0291,FD002,Jollof Rice & Chicken,Rice Meals,2,2800,0,5600,1450,2900,2700,Walk-in,Transfer,Lunch,11,5
ORD-00363,46110,CUST-0471,FD001,White Rice & Stew,Rice Meals,4,1800,0,7200,820,3280,3920,Walk-in,Transfer,Breakfast,10,3
ORD-00463,46110,CUST-0242,FD002,Jollof Rice & Chicken,Rice Meals,4,2800,0.05,10640,1450,5800,4840,Walk-in,POS,Lunch,13,4
ORD-00905,46110,CUST-0437,FD002,Jollof Rice & Chicken,Rice Meals,2,2800,0,5600,1450,2900,2700,Walk-in,Transfer,Breakfast,10,3
ORD-00132,46111,CUST-0251,FD006,Eba & Egusi Soup,Swallow,2,2600,0,5200,1320,2640,2560,Takeaway,Cash,Lunch,11,4
ORD-00199,46111,CUST-0515,FD009,Moi Moi,Sides,2,900,0,1800,380,760,1040,Takeaway,POS,Dinner,18,4
ORD-00978,46111,CUST-0157,FD002,Jollof Rice & Chicken,Rice Meals,2,2800,0,5600,1450,2900,2700,Walk-in,Transfer,Dinner,18,5
ORD-01494,46111,CUST-0476,FD002,Jollof Rice & Chicken,Rice Meals,3,2800,0.05,7980,1450,4350,3630,Walk-in,Cash,Lunch,13,3
ORD-01541,46111,CUST-0309,FD002,Jollof Rice & Chicken,Rice Meals,4,2800,0,11200,1450,5800,5400,Walk-in,POS,Lunch,13,3
ORD-01744,46111,CUST-0405,FD002,Jollof Rice & Chicken,Rice Meals,1,2800,0,2800,1450,1450,1350,Walk-in,Cash,Lunch,11,
ORD-00241,46112,CUST-0422,FD002,Jollof Rice & Chicken,Rice Meals,4,2800,0,11200,1450,5800,5400,Takeaway,Transfer,Lunch,14,5
ORD-00373,46112,CUST-0411,FD007,Amala & Ewedu,Swallow,2,2500,0,5000,1250,2500,2500,Walk-in,Cash,Breakfast,9,4
ORD-00439,46112,CUST-0439,FD006,Eba & Egusi Soup,Swallow,4,2600,0,10400,1320,5280,5120,Delivery,Transfer,Dinner,17,4
ORD-00589,46112,CUST-0499,FD001,White Rice & Stew,Rice Meals,3,1800,0,5400,820,2460,2940,Delivery,Transfer,Lunch,14,5
ORD-00614,46112,CUST-0270,FD001,White Rice & Stew,Rice Meals,3,1800,0,5400,820,2460,2940,Walk-in,Cash,Dinner,18,4
ORD-01039,46112,CUST-0051,FD008,Pounded Yam & Vegetable Soup,Swallow,4,3200,0,12800,1710,6840,5960,Walk-in,Cash,Lunch,12,4
ORD-01176,46112,CUST-0076,FD002,Jollof Rice & Chicken,Rice Meals,1,2800,0,2800,1450,1450,1350,Walk-in,POS,Dinner,19,3
ORD-01314,46112,CUST-0482,FD001,White Rice & Stew,Rice Meals,2,1800,0,3600,820,1640,1960,Walk-in,Transfer,Lunch,14,4
ORD-01357,46112,CUST-0394,FD008,Pounded Yam & Vegetable Soup,Swallow,3,3200,0,9600,1710,5130,4470,Delivery,POS,Lunch,12,4
ORD-01445,46112,CUST-0070,FD004,Beans & Plantain,Traditional Meals,2,2000,0,4000,960,1920,2080,Walk-in,POS,Breakfast,9,5
ORD-01549,46112,CUST-0302,FD001,White Rice & Stew,Rice Meals,4,1800,0,7200,820,3280,3920,Delivery,Cash,Dinner,17,4
ORD-01651,46112,CUST-0041,FD002,Jollof Rice & Chicken,Rice Meals,4,2800,0,11200,1450,5800,5400,Delivery,Cash,Lunch,15,4
ORD-01754,46112,CUST-0009,FD002,Jollof Rice & Chicken,Rice Meals,1,2800,0,2800,1450,1450,1350,Takeaway,POS,Dinner,20,5
ORD-00327,46113,CUST-0401,FD004,Beans & Plantain,Traditional Meals,3,2000,0,6000,960,2880,3120,Delivery,Transfer,Lunch,12,
ORD-00597,46113,CUST-0399,FD003,Fried Rice & Chicken,Rice Meals,3,3000,0.05,8550,1580,4740,3810,Takeaway,POS,Dinner,16,4
ORD-00917,46113,CUST-0344,FD003,Fried Rice & Chicken,Rice Meals,2,3000,0,6000,1580,3160,2840,Walk-in,Cash,Dinner,17,5
ORD-01022,46113,CUST-0396,FD012,Fried Plantain,Sides,2,700,0,1400,300,600,800,Takeaway,POS,Lunch,15,4
ORD-01633,46113,CUST-0565,FD008,Pounded Yam & Vegetable Soup,Swallow,4,3200,0,12800,1710,6840,5960,Takeaway,Transfer,Dinner,17,5
ORD-01726,46113,CUST-0167,FD003,Fried Rice & Chicken,Rice Meals,4,3000,0,12000,1580,6320,5680,Takeaway,Transfer,Lunch,12,5
ORD-01745,46113,CUST-0087,FD002,Jollof Rice & Chicken,Rice Meals,4,2800,0,11200,1450,5800,5400,Walk-in,POS,Lunch,11,5
ORD-01789,46113,CUST-0649,FD010,Soft Drink,Beverages,1,600,0,600,280,280,320,Takeaway,Transfer,Lunch,14,5
ORD-00221,46114,CUST-0096,FD002,Jollof Rice & Chicken,Rice Meals,3,2800,0,8400,1450,4350,4050,Walk-in,Transfer,Lunch,12,5
ORD-00422,46114,CUST-0425,FD002,Jollof Rice & Chicken,Rice Meals,4,2800,0,11200,1450,5800,5400,Delivery,POS,Breakfast,8,5
ORD-00483,46114,CUST-0533,FD005,Yam Porridge,Traditional Meals,4,2200,0,8800,1050,4200,4600,Walk-in,POS,Breakfast,10,4
ORD-00622,46114,CUST-0412,FD004,Beans & Plantain,Traditional Meals,1,2000,0,2000,960,960,1040,Walk-in,Transfer,Lunch,12,3
ORD-00844,46114,CUST-0426,FD001,White Rice & Stew,Rice Meals,2,1800,0,3600,820,1640,1960,Takeaway,Transfer,Lunch,12,4
ORD-00908,46114,CUST-0575,FD005,Yam Porridge,Traditional Meals,3,2200,0,6600,1050,3150,3450,Walk-in,POS,Lunch,15,4
ORD-01223,46114,CUST-0024,FD005,Yam Porridge,Traditional Meals,2,2200,0,4400,1050,2100,2300,Walk-in,Cash,Lunch,11,5
ORD-01386,46114,CUST-0492,FD009,Moi Moi,Sides,4,900,0,3600,380,1520,2080,Walk-in,Transfer,Lunch,13,4
ORD-01773,46114,CUST-0152,FD003,Fried Rice & Chicken,Rice Meals,2,3000,0,6000,1580,3160,2840,Walk-in,Cash,Lunch,15,5
ORD-00366,46115,CUST-0030,FD002,Jollof Rice & Chicken,Rice Meals,2,2800,0,5600,1450,2900,2700,Walk-in,Transfer,Lunch,15,4
ORD-00472,46115,CUST-0258,FD007,Amala & Ewedu,Swallow,3,2500,0,7500,1250,3750,3750,Delivery,POS,Breakfast,10,5
ORD-00515,46115,CUST-0503,FD003,Fried Rice & Chicken,Rice Meals,1,3000,0,3000,1580,1580,1420,Delivery,Cash,Lunch,12,5
ORD-00572,46115,CUST-0226,FD012,Fried Plantain,Sides,4,700,0,2800,300,1200,1600,Delivery,Cash,Lunch,11,5
ORD-00654,46115,CUST-0604,FD006,Eba & Egusi Soup,Swallow,1,2600,0,2600,1320,1320,1280,Walk-in,Transfer,Dinner,19,
ORD-01080,46115,CUST-0025,FD012,Fried Plantain,Sides,1,700,0,700,300,300,400,Walk-in,Transfer,Lunch,12,4
ORD-01521,46115,CUST-0331,FD001,White Rice & Stew,Rice Meals,2,1800,0,3600,820,1640,1960,Walk-in,Transfer,Dinner,17,5
ORD-01628,46115,CUST-0094,FD006,Eba & Egusi Soup,Swallow,3,2600,0,7800,1320,3960,3840,Takeaway,POS,Lunch,11,4
ORD-00212,46116,CUST-0497,FD007,Amala & Ewedu,Swallow,3,2500,0.1,6750,1250,3750,3000,Takeaway,POS,Lunch,14,4
ORD-00348,46116,CUST-0304,FD004,Beans & Plantain,Traditional Meals,1,2000,0,2000,960,960,1040,Takeaway,POS,Lunch,14,5
ORD-00704,46116,CUST-0497,FD002,Jollof Rice & Chicken,Rice Meals,3,2800,0.05,7980,1450,4350,3630,Takeaway,Cash,Lunch,13,5
ORD-01052,46116,CUST-0444,FD002,Jollof Rice & Chicken,Rice Meals,3,2800,0,8400,1450,4350,4050,Walk-in,POS,Lunch,15,4
ORD-01161,46116,CUST-0558,FD005,Yam Porridge,Traditional Meals,4,2200,0,8800,1050,4200,4600,Walk-in,Cash,Breakfast,8,3
ORD-01297,46116,CUST-0632,FD001,White Rice & Stew,Rice Meals,1,1800,0,1800,820,820,980,Walk-in,Cash,Lunch,14,4
ORD-01707,46116,CUST-0583,FD007,Amala & Ewedu,Swallow,1,2500,0,2500,1250,1250,1250,Walk-in,POS,Breakfast,9,5
ORD-00643,46117,CUST-0275,FD004,Beans & Plantain,Traditional Meals,1,2000,0,2000,960,960,1040,Walk-in,POS,Dinner,19,4
ORD-01075,46117,CUST-0367,FD006,Eba & Egusi Soup,Swallow,4,2600,0,10400,1320,5280,5120,Takeaway,POS,Lunch,14,4
ORD-01239,46117,CUST-0238,FD005,Yam Porridge,Traditional Meals,3,2200,0,6600,1050,3150,3450,Delivery,POS,Lunch,15,5
ORD-01614,46117,CUST-0073,FD003,Fried Rice & Chicken,Rice Meals,2,3000,0,6000,1580,3160,2840,Walk-in,POS,Breakfast,10,5
ORD-00284,46118,CUST-0595,FD012,Fried Plantain,Sides,4,700,0,2800,300,1200,1600,Walk-in,Cash,Lunch,15,5
ORD-01031,46118,CUST-0615,FD003,Fried Rice & Chicken,Rice Meals,2,3000,0,6000,1580,3160,2840,Walk-in,POS,Lunch,14,4
ORD-01077,46118,CUST-0381,FD006,Eba & Egusi Soup,Swallow,4,2600,0,10400,1320,5280,5120,Takeaway,Transfer,Lunch,12,4
ORD-01209,46118,CUST-0585,FD004,Beans & Plantain,Traditional Meals,2,2000,0,4000,960,1920,2080,Walk-in,Transfer,Lunch,15,4
ORD-01486,46118,CUST-0069,FD005,Yam Porridge,Traditional Meals,1,2200,0,2200,1050,1050,1150,Walk-in,Cash,Lunch,11,4
ORD-00122,46119,CUST-0589,FD005,Yam Porridge,Traditional Meals,2,2200,0,4400,1050,2100,2300,Takeaway,Cash,Lunch,12,5
ORD-00136,46119,CUST-0607,FD001,White Rice & Stew,Rice Meals,3,1800,0,5400,820,2460,2940,Walk-in,Transfer,Dinner,19,4
ORD-00265,46119,CUST-0297,FD005,Yam Porridge,Traditional Meals,3,2200,0,6600,1050,3150,3450,Takeaway,Transfer,Dinner,19,3
ORD-00329,46119,CUST-0107,FD006,Eba & Egusi Soup,Swallow,2,2600,0,5200,1320,2640,2560,Walk-in,Transfer,Lunch,15,5
ORD-00339,46119,CUST-0023,FD006,Eba & Egusi Soup,Swallow,2,2600,0.05,4940,1320,2640,2300,Walk-in,POS,Lunch,13,5
ORD-00411,46119,CUST-0238,FD002,Jollof Rice & Chicken,Rice Meals,4,2800,0,11200,1450,5800,5400,Takeaway,Transfer,Lunch,15,4
ORD-00592,46119,CUST-0458,FD003,Fried Rice & Chicken,Rice Meals,3,3000,0,9000,1580,4740,4260,Takeaway,Transfer,Lunch,11,4
ORD-00637,46119,CUST-0387,FD002,Jollof Rice & Chicken,Rice Meals,1,2800,0.05,2660,1450,1450,1210,Delivery,Cash,Dinner,16,5
ORD-01174,46119,CUST-0026,FD012,Fried Plantain,Sides,2,700,0,1400,300,600,800,Walk-in,Transfer,Dinner,18,3
ORD-01461,46119,CUST-0281,FD004,Beans & Plantain,Traditional Meals,4,2000,0,8000,960,3840,4160,Takeaway,Transfer,Lunch,12,5
ORD-01762,46119,CUST-0496,FD008,Pounded Yam & Vegetable Soup,Swallow,3,3200,0,9600,1710,5130,4470,Delivery,Cash,Lunch,11,5
ORD-00001,46120,CUST-0347,FD001,White Rice & Stew,Rice Meals,4,1800,0,7200,820,3280,3920,Walk-in,POS,Lunch,13,4
ORD-00036,46120,CUST-0057,FD001,White Rice & Stew,Rice Meals,3,1800,0,5400,820,2460,2940,Takeaway,POS,Lunch,11,4
ORD-00293,46120,CUST-0334,FD012,Fried Plantain,Sides,3,700,0,2100,300,900,1200,Takeaway,Cash,Lunch,13,3
ORD-00457,46120,CUST-0601,FD001,White Rice & Stew,Rice Meals,2,1800,0,3600,820,1640,1960,Walk-in,Transfer,Dinner,18,4
ORD-00480,46120,CUST-0406,FD010,Soft Drink,Beverages,1,600,0,600,280,280,320,Walk-in,POS,Lunch,15,4
ORD-00537,46120,CUST-0542,FD006,Eba & Egusi Soup,Swallow,4,2600,0,10400,1320,5280,5120,Walk-in,Cash,Lunch,14,4
ORD-00738,46120,CUST-0451,FD007,Amala & Ewedu,Swallow,2,2500,0,5000,1250,2500,2500,Takeaway,Transfer,Breakfast,9,5
ORD-01433,46120,CUST-0629,FD001,White Rice & Stew,Rice Meals,1,1800,0,1800,820,820,980,Takeaway,Cash,Breakfast,10,4
ORD-01696,46120,CUST-0524,FD002,Jollof Rice & Chicken,Rice Meals,4,2800,0,11200,1450,5800,5400,Walk-in,POS,Lunch,12,4
ORD-00058,46121,CUST-0436,FD003,Fried Rice & Chicken,Rice Meals,4,3000,0,12000,1580,6320,5680,Walk-in,Cash,Lunch,12,4
ORD-00065,46121,CUST-0321,FD002,Jollof Rice & Chicken,Rice Meals,3,2800,0,8400,1450,4350,4050,Walk-in,Transfer,Lunch,15,4
ORD-00075,46121,CUST-0490,FD004,Beans & Plantain,Traditional Meals,2,2000,0,4000,960,1920,2080,Delivery,POS,Lunch,14,4
ORD-00623,46121,CUST-0453,FD002,Jollof Rice & Chicken,Rice Meals,1,2800,0,2800,1450,1450,1350,Walk-in,Transfer,Dinner,17,3
ORD-00626,46121,CUST-0553,FD003,Fried Rice & Chicken,Rice Meals,3,3000,0,9000,1580,4740,4260,Takeaway,Cash,Dinner,19,5
ORD-01009,46121,CUST-0031,FD004,Beans & Plantain,Traditional Meals,1,2000,0,2000,960,960,1040,Walk-in,Transfer,Dinner,16,4
ORD-01042,46121,CUST-0237,FD006,Eba & Egusi Soup,Swallow,3,2600,0,7800,1320,3960,3840,Delivery,POS,Lunch,13,5
ORD-01079,46121,CUST-0588,FD010,Soft Drink,Beverages,2,600,0.05,1140,280,560,580,Takeaway,Cash,Breakfast,10,4
ORD-01424,46121,CUST-0014,FD008,Pounded Yam & Vegetable Soup,Swallow,3,3200,0,9600,1710,5130,4470,Takeaway,Cash,Lunch,12,5
ORD-01465,46121,CUST-0554,FD010,Soft Drink,Beverages,1,600,0,600,280,280,320,Takeaway,POS,Lunch,12,4
ORD-01540,46121,CUST-0533,FD002,Jollof Rice & Chicken,Rice Meals,2,2800,0,5600,1450,2900,2700,Walk-in,POS,Lunch,15,4
ORD-00112,46122,CUST-0629,FD002,Jollof Rice & Chicken,Rice Meals,3,2800,0,8400,1450,4350,4050,Walk-in,Cash,Dinner,18,
ORD-00209,46122,CUST-0032,FD010,Soft Drink,Beverages,3,600,0,1800,280,840,960,Delivery,Transfer,Lunch,14,4
ORD-00716,46122,CUST-0145,FD001,White Rice & Stew,Rice Meals,3,1800,0,5400,820,2460,2940,Takeaway,Cash,Lunch,15,4
ORD-00964,46122,CUST-0279,FD007,Amala & Ewedu,Swallow,1,2500,0,2500,1250,1250,1250,Takeaway,POS,Dinner,18,4
ORD-01044,46122,CUST-0117,FD006,Eba & Egusi Soup,Swallow,2,2600,0,5200,1320,2640,2560,Walk-in,Transfer,Lunch,13,3
ORD-01305,46122,CUST-0426,FD010,Soft Drink,Beverages,3,600,0,1800,280,840,960,Takeaway,POS,Dinner,19,4
ORD-01515,46122,CUST-0459,FD002,Jollof Rice & Chicken,Rice Meals,3,2800,0,8400,1450,4350,4050,Delivery,Transfer,Lunch,11,4
ORD-01552,46122,CUST-0235,FD006,Eba & Egusi Soup,Swallow,3,2600,0,7800,1320,3960,3840,Walk-in,Transfer,Lunch,13,3
ORD-01558,46122,CUST-0413,FD001,White Rice & Stew,Rice Meals,1,1800,0,1800,820,820,980,Walk-in,POS,Breakfast,9,4
ORD-00278,46123,CUST-0261,FD008,Pounded Yam & Vegetable Soup,Swallow,2,3200,0,6400,1710,3420,2980,Walk-in,POS,Lunch,15,4
ORD-00454,46123,CUST-0234,FD001,White Rice & Stew,Rice Meals,2,1800,0,3600,820,1640,1960,Takeaway,Cash,Breakfast,9,3
ORD-00854,46123,CUST-0561,FD006,Eba & Egusi Soup,Swallow,1,2600,0,2600,1320,1320,1280,Takeaway,POS,Lunch,12,4
ORD-01082,46123,CUST-0268,FD002,Jollof Rice & Chicken,Rice Meals,1,2800,0,2800,1450,1450,1350,Walk-in,POS,Dinner,18,3
ORD-01183,46123,CUST-0244,FD006,Eba & Egusi Soup,Swallow,2,2600,0,5200,1320,2640,2560,Takeaway,Transfer,Breakfast,8,4
ORD-01377,46123,CUST-0137,FD002,Jollof Rice & Chicken,Rice Meals,1,2800,0,2800,1450,1450,1350,Walk-in,Transfer,Lunch,11,4
ORD-00334,46124,CUST-0121,FD003,Fried Rice & Chicken,Rice Meals,2,3000,0,6000,1580,3160,2840,Walk-in,Transfer,Lunch,14,5
ORD-00388,46124,CUST-0159,FD007,Amala & Ewedu,Swallow,4,2500,0,10000,1250,5000,5000,Delivery,Transfer,Lunch,13,4
ORD-00780,46124,CUST-0211,FD007,Amala & Ewedu,Swallow,4,2500,0.05,9500,1250,5000,4500,Walk-in,Transfer,Lunch,14,5
ORD-01629,46124,CUST-0184,FD002,Jollof Rice & Chicken,Rice Meals,3,2800,0,8400,1450,4350,4050,Delivery,Transfer,Dinner,19,4
ORD-00247,46125,CUST-0443,FD001,White Rice & Stew,Rice Meals,3,1800,0,5400,820,2460,2940,Delivery,POS,Lunch,15,4
ORD-00276,46125,CUST-0144,FD004,Beans & Plantain,Traditional Meals,4,2000,0,8000,960,3840,4160,Takeaway,POS,Lunch,14,3
ORD-00420,46125,CUST-0633,FD007,Amala & Ewedu,Swallow,2,2500,0,5000,1250,2500,2500,Walk-in,Cash,Dinner,16,5
ORD-00748,46125,CUST-0336,FD004,Beans & Plantain,Traditional Meals,3,2000,0,6000,960,2880,3120,Walk-in,Transfer,Lunch,12,5
ORD-00803,46125,CUST-0353,FD002,Jollof Rice & Chicken,Rice Meals,4,2800,0,11200,1450,5800,5400,Takeaway,POS,Lunch,13,4
ORD-01429,46125,CUST-0464,FD012,Fried Plantain,Sides,3,700,0,2100,300,900,1200,Walk-in,POS,Breakfast,10,4
ORD-01454,46125,CUST-0634,FD009,Moi Moi,Sides,3,900,0.05,2565,380,1140,1425,Delivery,POS,Lunch,11,5
ORD-01693,46125,CUST-0449,FD001,White Rice & Stew,Rice Meals,1,1800,0,1800,820,820,980,Walk-in,Cash,Dinner,16,5
ORD-01769,46125,CUST-0485,FD003,Fried Rice & Chicken,Rice Meals,2,3000,0,6000,1580,3160,2840,Delivery,Cash,Lunch,12,4
ORD-01785,46125,CUST-0476,FD005,Yam Porridge,Traditional Meals,2,2200,0,4400,1050,2100,2300,Walk-in,POS,Lunch,11,4
ORD-00055,46126,CUST-0441,FD002,Jollof Rice & Chicken,Rice Meals,1,2800,0.05,2660,1450,1450,1210,Takeaway,POS,Lunch,14,5
ORD-00162,46126,CUST-0175,FD004,Beans & Plantain,Traditional Meals,2,2000,0,4000,960,1920,2080,Takeaway,Transfer,Lunch,12,4
ORD-00431,46126,CUST-0608,FD001,White Rice & Stew,Rice Meals,4,1800,0,7200,820,3280,3920,Walk-in,Cash,Breakfast,9,
ORD-00828,46126,CUST-0312,FD011,Bottled Water,Beverages,4,300,0,1200,120,480,720,Walk-in,Transfer,Lunch,11,4
ORD-01710,46126,CUST-0368,FD001,White Rice & Stew,Rice Meals,3,1800,0,5400,820,2460,2940,Walk-in,Cash,Lunch,15,4
ORD-00228,46127,CUST-0193,FD005,Yam Porridge,Traditional Meals,4,2200,0,8800,1050,4200,4600,Delivery,Transfer,Lunch,14,4
ORD-00390,46127,CUST-0007,FD005,Yam Porridge,Traditional Meals,4,2200,0,8800,1050,4200,4600,Takeaway,POS,Lunch,15,5
ORD-00688,46127,CUST-0640,FD005,Yam Porridge,Traditional Meals,1,2200,0.05,2090,1050,1050,1040,Takeaway,Cash,Dinner,18,3
ORD-00754,46127,CUST-0522,FD003,Fried Rice & Chicken,Rice Meals,2,3000,0,6000,1580,3160,2840,Delivery,POS,Dinner,19,
ORD-01097,46127,CUST-0404,FD006,Eba & Egusi Soup,Swallow,2,2600,0,5200,1320,2640,2560,Takeaway,Transfer,Lunch,13,4
ORD-01663,46127,CUST-0206,FD001,White Rice & Stew,Rice Meals,2,1800,0,3600,820,1640,1960,Delivery,POS,Lunch,15,4
ORD-00398,46128,CUST-0509,FD007,Amala & Ewedu,Swallow,1,2500,0,2500,1250,1250,1250,Walk-in,Cash,Lunch,14,5
ORD-00732,46128,CUST-0545,FD001,White Rice & Stew,Rice Meals,1,1800,0,1800,820,820,980,Walk-in,Cash,Lunch,12,3
ORD-00976,46128,CUST-0527,FD002,Jollof Rice & Chicken,Rice Meals,1,2800,0,2800,1450,1450,1350,Walk-in,POS,Dinner,19,4
ORD-01005,46128,CUST-0308,FD001,White Rice & Stew,Rice Meals,3,1800,0,5400,820,2460,2940,Walk-in,POS,Dinner,18,4
ORD-01201,46128,CUST-0238,FD004,Beans & Plantain,Traditional Meals,2,2000,0,4000,960,1920,2080,Walk-in,Transfer,Dinner,16,5
ORD-01225,46128,CUST-0181,FD001,White Rice & Stew,Rice Meals,1,1800,0,1800,820,820,980,Walk-in,Transfer,Breakfast,10,5
ORD-01632,46128,CUST-0440,FD003,Fried Rice & Chicken,Rice Meals,3,3000,0.05,8550,1580,4740,3810,Takeaway,Cash,Lunch,11,5
ORD-00262,46129,CUST-0176,FD005,Yam Porridge,Traditional Meals,1,2200,0,2200,1050,1050,1150,Walk-in,Cash,Lunch,15,
ORD-00409,46129,CUST-0389,FD004,Beans & Plantain,Traditional Meals,4,2000,0,8000,960,3840,4160,Takeaway,POS,Dinner,16,4
ORD-00563,46129,CUST-0324,FD003,Fried Rice & Chicken,Rice Meals,2,3000,0,6000,1580,3160,2840,Delivery,Transfer,Lunch,11,4
ORD-01092,46129,CUST-0491,FD012,Fried Plantain,Sides,3,700,0,2100,300,900,1200,Walk-in,POS,Dinner,20,5
ORD-01114,46129,CUST-0088,FD004,Beans & Plantain,Traditional Meals,3,2000,0,6000,960,2880,3120,Delivery,Cash,Lunch,15,5
ORD-01144,46129,CUST-0581,FD006,Eba & Egusi Soup,Swallow,1,2600,0,2600,1320,1320,1280,Walk-in,Transfer,Lunch,13,5
ORD-01409,46129,CUST-0532,FD002,Jollof Rice & Chicken,Rice Meals,3,2800,0,8400,1450,4350,4050,Walk-in,Transfer,Dinner,18,3
ORD-01723,46129,CUST-0427,FD005,Yam Porridge,Traditional Meals,1,2200,0,2200,1050,1050,1150,Walk-in,Cash,Lunch,13,5
ORD-00191,46130,CUST-0094,FD006,Eba & Egusi Soup,Swallow,4,2600,0,10400,1320,5280,5120,Walk-in,Cash,Lunch,12,5
ORD-00264,46130,CUST-0251,FD005,Yam Porridge,Traditional Meals,1,2200,0,2200,1050,1050,1150,Walk-in,POS,Breakfast,10,4
ORD-00558,46130,CUST-0008,FD004,Beans & Plantain,Traditional Meals,4,2000,0,8000,960,3840,4160,Walk-in,POS,Lunch,14,3
ORD-00604,46130,CUST-0411,FD002,Jollof Rice & Chicken,Rice Meals,3,2800,0,8400,1450,4350,4050,Walk-in,Transfer,Lunch,15,4
ORD-00710,46130,CUST-0520,FD003,Fried Rice & Chicken,Rice Meals,3,3000,0,9000,1580,4740,4260,Delivery,Cash,Lunch,15,4
ORD-00832,46130,CUST-0122,FD007,Amala & Ewedu,Swallow,1,2500,0,2500,1250,1250,1250,Walk-in,POS,Lunch,15,4
ORD-00888,46130,CUST-0066,FD012,Fried Plantain,Sides,2,700,0,1400,300,600,800,Takeaway,POS,Lunch,14,4
ORD-00963,46130,CUST-0384,FD009,Moi Moi,Sides,4,900,0,3600,380,1520,2080,Walk-in,POS,Breakfast,10,4
ORD-01099,46130,CUST-0541,FD005,Yam Porridge,Traditional Meals,1,2200,0.05,2090,1050,1050,1040,Takeaway,Transfer,Lunch,12,4
ORD-01244,46130,CUST-0315,FD004,Beans & Plantain,Traditional Meals,4,2000,0,8000,960,3840,4160,Walk-in,Cash,Breakfast,8,4
ORD-01588,46130,CUST-0081,FD007,Amala & Ewedu,Swallow,1,2500,0,2500,1250,1250,1250,Walk-in,Cash,Lunch,14,4
ORD-01618,46130,CUST-0065,FD002,Jollof Rice & Chicken,Rice Meals,3,2800,0,8400,1450,4350,4050,Delivery,Transfer,Breakfast,9,4
ORD-00111,46131,CUST-0240,FD004,Beans & Plantain,Traditional Meals,2,2000,0.05,3800,960,1920,1880,Delivery,Cash,Lunch,13,4
ORD-00113,46131,CUST-0430,FD003,Fried Rice & Chicken,Rice Meals,3,3000,0,9000,1580,4740,4260,Walk-in,POS,Dinner,16,4
ORD-00618,46131,CUST-0084,FD006,Eba & Egusi Soup,Swallow,4,2600,0,10400,1320,5280,5120,Takeaway,Transfer,Breakfast,9,4
ORD-00059,46132,CUST-0624,FD002,Jollof Rice & Chicken,Rice Meals,1,2800,0,2800,1450,1450,1350,Walk-in,Cash,Lunch,13,5
ORD-00109,46132,CUST-0562,FD006,Eba & Egusi Soup,Swallow,2,2600,0,5200,1320,2640,2560,Delivery,Cash,Lunch,14,5
ORD-00346,46132,CUST-0415,FD006,Eba & Egusi Soup,Swallow,4,2600,0,10400,1320,5280,5120,Delivery,Transfer,Dinner,20,5
ORD-00371,46132,CUST-0579,FD002,Jollof Rice & Chicken,Rice Meals,4,2800,0,11200,1450,5800,5400,Takeaway,Cash,Dinner,18,
ORD-00532,46132,CUST-0021,FD006,Eba & Egusi Soup,Swallow,1,2600,0,2600,1320,1320,1280,Walk-in,Transfer,Dinner,16,4
ORD-00692,46132,CUST-0011,FD008,Pounded Yam & Vegetable Soup,Swallow,1,3200,0.05,3040,1710,1710,1330,Walk-in,Cash,Breakfast,9,3
ORD-00723,46132,CUST-0020,FD003,Fried Rice & Chicken,Rice Meals,1,3000,0,3000,1580,1580,1420,Takeaway,Transfer,Breakfast,9,3
ORD-01130,46132,CUST-0121,FD006,Eba & Egusi Soup,Swallow,1,2600,0,2600,1320,1320,1280,Delivery,Cash,Lunch,13,4
ORD-01152,46132,CUST-0135,FD006,Eba & Egusi Soup,Swallow,3,2600,0,7800,1320,3960,3840,Takeaway,Transfer,Lunch,12,4
ORD-01214,46132,CUST-0283,FD001,White Rice & Stew,Rice Meals,3,1800,0,5400,820,2460,2940,Delivery,POS,Lunch,14,5
ORD-01349,46132,CUST-0578,FD003,Fried Rice & Chicken,Rice Meals,2,3000,0,6000,1580,3160,2840,Walk-in,Transfer,Dinner,20,3
ORD-01434,46132,CUST-0576,FD002,Jollof Rice & Chicken,Rice Meals,2,2800,0,5600,1450,2900,2700,Takeaway,Cash,Lunch,13,5
ORD-01716,46132,CUST-0254,FD005,Yam Porridge,Traditional Meals,3,2200,0,6600,1050,3150,3450,Walk-in,POS,Lunch,15,5
ORD-01760,46132,CUST-0366,FD001,White Rice & Stew,Rice Meals,4,1800,0,7200,820,3280,3920,Walk-in,Transfer,Lunch,13,4
ORD-00185,46133,CUST-0134,FD003,Fried Rice & Chicken,Rice Meals,4,3000,0,12000,1580,6320,5680,Delivery,POS,Dinner,19,5
ORD-00225,46133,CUST-0463,FD001,White Rice & Stew,Rice Meals,2,1800,0,3600,820,1640,1960,Walk-in,Cash,Dinner,19,5
ORD-00453,46133,CUST-0625,FD011,Bottled Water,Beverages,1,300,0,300,120,120,180,Walk-in,POS,Lunch,13,4
ORD-00786,46133,CUST-0348,FD002,Jollof Rice & Chicken,Rice Meals,4,2800,0,11200,1450,5800,5400,Takeaway,Cash,Lunch,14,4
ORD-00806,46133,CUST-0319,FD004,Beans & Plantain,Traditional Meals,2,2000,0,4000,960,1920,2080,Delivery,Cash,Dinner,17,4
ORD-01507,46133,CUST-0533,FD004,Beans & Plantain,Traditional Meals,4,2000,0,8000,960,3840,4160,Takeaway,Cash,Breakfast,9,4
ORD-00648,46134,CUST-0346,FD006,Eba & Egusi Soup,Swallow,1,2600,0.05,2470,1320,1320,1150,Takeaway,POS,Lunch,13,3
ORD-00714,46134,CUST-0076,FD003,Fried Rice & Chicken,Rice Meals,1,3000,0,3000,1580,1580,1420,Takeaway,Transfer,Dinner,16,3
ORD-00779,46134,CUST-0184,FD001,White Rice & Stew,Rice Meals,1,1800,0,1800,820,820,980,Delivery,Cash,Lunch,14,4
ORD-00947,46134,CUST-0322,FD007,Amala & Ewedu,Swallow,4,2500,0,10000,1250,5000,5000,Takeaway,Transfer,Dinner,18,5
ORD-00977,46134,CUST-0052,FD009,Moi Moi,Sides,2,900,0,1800,380,760,1040,Walk-in,Transfer,Breakfast,8,4
ORD-01019,46134,CUST-0530,FD010,Soft Drink,Beverages,2,600,0,1200,280,560,640,Walk-in,Cash,Lunch,12,5
ORD-01146,46134,CUST-0522,FD005,Yam Porridge,Traditional Meals,4,2200,0,8800,1050,4200,4600,Takeaway,POS,Lunch,15,4
ORD-01557,46134,CUST-0246,FD010,Soft Drink,Beverages,3,600,0,1800,280,840,960,Walk-in,POS,Dinner,17,4
ORD-01730,46134,CUST-0514,FD004,Beans & Plantain,Traditional Meals,3,2000,0,6000,960,2880,3120,Delivery,POS,Dinner,16,3
ORD-00020,46135,CUST-0274,FD002,Jollof Rice & Chicken,Rice Meals,4,2800,0,11200,1450,5800,5400,Takeaway,POS,Lunch,11,4
ORD-00359,46135,CUST-0385,FD003,Fried Rice & Chicken,Rice Meals,3,3000,0,9000,1580,4740,4260,Walk-in,Transfer,Lunch,15,5
ORD-01311,46135,CUST-0650,FD001,White Rice & Stew,Rice Meals,4,1800,0,7200,820,3280,3920,Delivery,POS,Lunch,15,5
ORD-01360,46135,CUST-0003,FD003,Fried Rice & Chicken,Rice Meals,1,3000,0,3000,1580,1580,1420,Takeaway,Cash,Breakfast,8,5
ORD-01712,46135,CUST-0056,FD010,Soft Drink,Beverages,3,600,0,1800,280,840,960,Takeaway,POS,Dinner,18,4
ORD-00040,46136,CUST-0183,FD012,Fried Plantain,Sides,2,700,0,1400,300,600,800,Takeaway,POS,Lunch,12,4
ORD-00441,46136,CUST-0190,FD003,Fried Rice & Chicken,Rice Meals,1,3000,0,3000,1580,1580,1420,Walk-in,POS,Lunch,15,5
ORD-00770,46136,CUST-0531,FD009,Moi Moi,Sides,3,900,0.05,2565,380,1140,1425,Walk-in,POS,Lunch,11,4
ORD-01003,46136,CUST-0569,FD002,Jollof Rice & Chicken,Rice Meals,3,2800,0,8400,1450,4350,4050,Walk-in,Transfer,Breakfast,10,5
ORD-01132,46136,CUST-0462,FD002,Jollof Rice & Chicken,Rice Meals,2,2800,0,5600,1450,2900,2700,Walk-in,POS,Lunch,12,3
ORD-01323,46136,CUST-0598,FD001,White Rice & Stew,Rice Meals,4,1800,0.05,6840,820,3280,3560,Walk-in,POS,Lunch,14,4
ORD-01638,46136,CUST-0084,FD005,Yam Porridge,Traditional Meals,4,2200,0,8800,1050,4200,4600,Delivery,POS,Lunch,11,5
ORD-01719,46136,CUST-0383,FD008,Pounded Yam & Vegetable Soup,Swallow,2,3200,0,6400,1710,3420,2980,Walk-in,Transfer,Lunch,15,3
ORD-00005,46137,CUST-0157,FD006,Eba & Egusi Soup,Swallow,3,2600,0,7800,1320,3960,3840,Walk-in,Cash,Lunch,11,5
ORD-00066,46137,CUST-0058,FD003,Fried Rice & Chicken,Rice Meals,4,3000,0,12000,1580,6320,5680,Walk-in,POS,Dinner,20,4
ORD-00070,46137,CUST-0034,FD012,Fried Plantain,Sides,2,700,0,1400,300,600,800,Walk-in,POS,Lunch,14,4
ORD-00115,46137,CUST-0058,FD007,Amala & Ewedu,Swallow,2,2500,0,5000,1250,2500,2500,Takeaway,POS,Lunch,11,4
ORD-00150,46137,CUST-0550,FD001,White Rice & Stew,Rice Meals,4,1800,0,7200,820,3280,3920,Walk-in,Transfer,Lunch,15,3
ORD-00443,46137,CUST-0241,FD011,Bottled Water,Beverages,3,300,0,900,120,360,540,Delivery,POS,Breakfast,9,4
ORD-00722,46137,CUST-0052,FD008,Pounded Yam & Vegetable Soup,Swallow,4,3200,0,12800,1710,6840,5960,Walk-in,Transfer,Lunch,12,5
ORD-00763,46137,CUST-0087,FD010,Soft Drink,Beverages,2,600,0,1200,280,560,640,Takeaway,Cash,Dinner,18,3
ORD-01202,46137,CUST-0167,FD001,White Rice & Stew,Rice Meals,3,1800,0,5400,820,2460,2940,Takeaway,POS,Lunch,11,5
ORD-01481,46137,CUST-0503,FD005,Yam Porridge,Traditional Meals,3,2200,0,6600,1050,3150,3450,Delivery,POS,Lunch,14,4
ORD-01624,46137,CUST-0231,FD002,Jollof Rice & Chicken,Rice Meals,2,2800,0,5600,1450,2900,2700,Walk-in,POS,Dinner,20,3
ORD-01724,46137,CUST-0520,FD004,Beans & Plantain,Traditional Meals,3,2000,0,6000,960,2880,3120,Walk-in,Cash,Lunch,13,5
ORD-00044,46138,CUST-0454,FD001,White Rice & Stew,Rice Meals,1,1800,0,1800,820,820,980,Walk-in,Cash,Lunch,13,5
ORD-00235,46138,CUST-0189,FD004,Beans & Plantain,Traditional Meals,2,2000,0,4000,960,1920,2080,Walk-in,Cash,Dinner,20,5
ORD-00240,46138,CUST-0288,FD004,Beans & Plantain,Traditional Meals,2,2000,0,4000,960,1920,2080,Walk-in,POS,Dinner,17,4
ORD-00376,46138,CUST-0033,FD002,Jollof Rice & Chicken,Rice Meals,2,2800,0,5600,1450,2900,2700,Delivery,POS,Dinner,16,5
ORD-00938,46138,CUST-0206,FD002,Jollof Rice & Chicken,Rice Meals,1,2800,0,2800,1450,1450,1350,Delivery,Cash,Lunch,11,5
ORD-00940,46138,CUST-0272,FD001,White Rice & Stew,Rice Meals,3,1800,0,5400,820,2460,2940,Takeaway,Transfer,Lunch,14,4
ORD-01269,46138,CUST-0632,FD006,Eba & Egusi Soup,Swallow,3,2600,0,7800,1320,3960,3840,Delivery,POS,Dinner,17,3
ORD-00141,46139,CUST-0030,FD011,Bottled Water,Beverages,1,300,0,300,120,120,180,Takeaway,POS,Dinner,17,5
ORD-00142,46139,CUST-0468,FD005,Yam Porridge,Traditional Meals,2,2200,0,4400,1050,2100,2300,Walk-in,Cash,Dinner,16,5
ORD-00520,46139,CUST-0016,FD002,Jollof Rice & Chicken,Rice Meals,4,2800,0,11200,1450,5800,5400,Delivery,Cash,Lunch,12,5
ORD-00615,46139,CUST-0346,FD010,Soft Drink,Beverages,4,600,0,2400,280,1120,1280,Takeaway,Cash,Lunch,13,5
ORD-00687,46139,CUST-0616,FD009,Moi Moi,Sides,4,900,0,3600,380,1520,2080,Walk-in,POS,Lunch,11,4
ORD-00702,46139,CUST-0052,FD002,Jollof Rice & Chicken,Rice Meals,3,2800,0,8400,1450,4350,4050,Walk-in,Transfer,Dinner,16,
ORD-00981,46139,CUST-0590,FD008,Pounded Yam & Vegetable Soup,Swallow,3,3200,0,9600,1710,5130,4470,Walk-in,Cash,Breakfast,9,4
ORD-01177,46139,CUST-0133,FD007,Amala & Ewedu,Swallow,3,2500,0,7500,1250,3750,3750,Takeaway,POS,Breakfast,8,5
ORD-01287,46139,CUST-0200,FD006,Eba & Egusi Soup,Swallow,3,2600,0,7800,1320,3960,3840,Takeaway,Cash,Breakfast,9,
ORD-01364,46139,CUST-0192,FD004,Beans & Plantain,Traditional Meals,2,2000,0,4000,960,1920,2080,Walk-in,Transfer,Lunch,15,4
ORD-01503,46139,CUST-0063,FD002,Jollof Rice & Chicken,Rice Meals,1,2800,0,2800,1450,1450,1350,Walk-in,Transfer,Lunch,12,5
ORD-01519,46139,CUST-0186,FD005,Yam Porridge,Traditional Meals,2,2200,0,4400,1050,2100,2300,Takeaway,Transfer,Dinner,20,3
ORD-01742,46139,CUST-0197,FD008,Pounded Yam & Vegetable Soup,Swallow,4,3200,0.1,11520,1710,6840,4680,Delivery,Cash,Dinner,18,4
ORD-00495,46140,CUST-0431,FD004,Beans & Plantain,Traditional Meals,3,2000,0,6000,960,2880,3120,Walk-in,Cash,Lunch,14,3
ORD-00565,46140,CUST-0428,FD001,White Rice & Stew,Rice Meals,4,1800,0,7200,820,3280,3920,Walk-in,Transfer,Dinner,19,5
ORD-00621,46140,CUST-0343,FD006,Eba & Egusi Soup,Swallow,2,2600,0,5200,1320,2640,2560,Delivery,Transfer,Breakfast,9,3
ORD-00932,46140,CUST-0149,FD001,White Rice & Stew,Rice Meals,1,1800,0,1800,820,820,980,Walk-in,Transfer,Lunch,11,5
ORD-01284,46140,CUST-0434,FD003,Fried Rice & Chicken,Rice Meals,1,3000,0,3000,1580,1580,1420,Delivery,Transfer,Lunch,13,5
ORD-01313,46140,CUST-0637,FD004,Beans & Plantain,Traditional Meals,4,2000,0,8000,960,3840,4160,Takeaway,Transfer,Lunch,15,4
ORD-00524,46141,CUST-0429,FD004,Beans & Plantain,Traditional Meals,4,2000,0,8000,960,3840,4160,Delivery,Cash,Dinner,17,5
ORD-00652,46141,CUST-0227,FD004,Beans & Plantain,Traditional Meals,2,2000,0,4000,960,1920,2080,Walk-in,Transfer,Breakfast,9,5
ORD-00847,46141,CUST-0102,FD004,Beans & Plantain,Traditional Meals,1,2000,0,2000,960,960,1040,Walk-in,Transfer,Breakfast,9,4
ORD-00956,46141,CUST-0619,FD002,Jollof Rice & Chicken,Rice Meals,4,2800,0,11200,1450,5800,5400,Delivery,Transfer,Dinner,18,4
ORD-01076,46141,CUST-0450,FD010,Soft Drink,Beverages,2,600,0,1200,280,560,640,Walk-in,Transfer,Dinner,20,4
ORD-01167,46141,CUST-0646,FD001,White Rice & Stew,Rice Meals,2,1800,0,3600,820,1640,1960,Takeaway,Transfer,Breakfast,8,4
ORD-01261,46141,CUST-0226,FD007,Amala & Ewedu,Swallow,1,2500,0,2500,1250,1250,1250,Takeaway,Cash,Dinner,20,3
ORD-01282,46141,CUST-0329,FD002,Jollof Rice & Chicken,Rice Meals,1,2800,0,2800,1450,1450,1350,Walk-in,Transfer,Dinner,17,5
ORD-01550,46141,CUST-0038,FD006,Eba & Egusi Soup,Swallow,1,2600,0,2600,1320,1320,1280,Delivery,POS,Lunch,13,4
ORD-01794,46141,CUST-0194,FD007,Amala & Ewedu,Swallow,2,2500,0,5000,1250,2500,2500,Delivery,Transfer,Lunch,11,4
ORD-00010,46142,CUST-0517,FD003,Fried Rice & Chicken,Rice Meals,4,3000,0,12000,1580,6320,5680,Walk-in,Cash,Lunch,15,4
ORD-00015,46142,CUST-0121,FD007,Amala & Ewedu,Swallow,1,2500,0,2500,1250,1250,1250,Delivery,Transfer,Breakfast,9,4
ORD-00116,46142,CUST-0612,FD001,White Rice & Stew,Rice Meals,2,1800,0,3600,820,1640,1960,Walk-in,Transfer,Lunch,12,5
ORD-00153,46142,CUST-0530,FD001,White Rice & Stew,Rice Meals,4,1800,0,7200,820,3280,3920,Walk-in,POS,Dinner,17,5
ORD-00280,46142,CUST-0194,FD009,Moi Moi,Sides,2,900,0,1800,380,760,1040,Takeaway,Cash,Lunch,14,3
ORD-00416,46142,CUST-0288,FD008,Pounded Yam & Vegetable Soup,Swallow,4,3200,0,12800,1710,6840,5960,Delivery,POS,Lunch,12,3
ORD-00468,46142,CUST-0603,FD002,Jollof Rice & Chicken,Rice Meals,3,2800,0,8400,1450,4350,4050,Walk-in,Cash,Lunch,13,4
ORD-00600,46142,CUST-0017,FD002,Jollof Rice & Chicken,Rice Meals,2,2800,0.1,5040,1450,2900,2140,Takeaway,POS,Lunch,15,5
ORD-01067,46142,CUST-0584,FD002,Jollof Rice & Chicken,Rice Meals,4,2800,0,11200,1450,5800,5400,Walk-in,Cash,Lunch,14,4
ORD-01250,46142,CUST-0520,FD010,Soft Drink,Beverages,4,600,0,2400,280,1120,1280,Delivery,POS,Lunch,13,4
ORD-01387,46142,CUST-0104,FD008,Pounded Yam & Vegetable Soup,Swallow,3,3200,0,9600,1710,5130,4470,Walk-in,Cash,Breakfast,9,5
ORD-01405,46142,CUST-0595,FD012,Fried Plantain,Sides,3,700,0,2100,300,900,1200,Takeaway,Transfer,Breakfast,10,
ORD-01431,46142,CUST-0634,FD004,Beans & Plantain,Traditional Meals,2,2000,0,4000,960,1920,2080,Walk-in,POS,Dinner,16,4
ORD-01590,46142,CUST-0092,FD003,Fried Rice & Chicken,Rice Meals,3,3000,0,9000,1580,4740,4260,Walk-in,Cash,Dinner,20,5
ORD-01675,46142,CUST-0454,FD001,White Rice & Stew,Rice Meals,3,1800,0,5400,820,2460,2940,Delivery,POS,Lunch,12,4
ORD-00230,46143,CUST-0596,FD007,Amala & Ewedu,Swallow,4,2500,0,10000,1250,5000,5000,Walk-in,POS,Lunch,11,4
ORD-00500,46143,CUST-0309,FD002,Jollof Rice & Chicken,Rice Meals,4,2800,0,11200,1450,5800,5400,Walk-in,Cash,Lunch,12,5
ORD-00799,46143,CUST-0471,FD008,Pounded Yam & Vegetable Soup,Swallow,4,3200,0,12800,1710,6840,5960,Walk-in,Transfer,Lunch,11,4
ORD-01178,46143,CUST-0259,FD002,Jollof Rice & Chicken,Rice Meals,1,2800,0,2800,1450,1450,1350,Takeaway,Cash,Lunch,13,4
ORD-00064,46144,CUST-0502,FD009,Moi Moi,Sides,4,900,0,3600,380,1520,2080,Walk-in,Cash,Dinner,18,5
ORD-00449,46144,CUST-0390,FD007,Amala & Ewedu,Swallow,4,2500,0,10000,1250,5000,5000,Walk-in,Transfer,Dinner,20,4
ORD-01017,46144,CUST-0431,FD001,White Rice & Stew,Rice Meals,4,1800,0,7200,820,3280,3920,Walk-in,Transfer,Dinner,17,4
ORD-01237,46144,CUST-0508,FD005,Yam Porridge,Traditional Meals,1,2200,0,2200,1050,1050,1150,Walk-in,Transfer,Dinner,16,
ORD-01392,46144,CUST-0387,FD006,Eba & Egusi Soup,Swallow,1,2600,0,2600,1320,1320,1280,Delivery,Cash,Dinner,18,5
ORD-01493,46144,CUST-0460,FD003,Fried Rice & Chicken,Rice Meals,2,3000,0,6000,1580,3160,2840,Takeaway,POS,Lunch,11,5
ORD-01630,46144,CUST-0504,FD004,Beans & Plantain,Traditional Meals,3,2000,0,6000,960,2880,3120,Takeaway,Transfer,Lunch,11,4
ORD-01639,46144,CUST-0557,FD012,Fried Plantain,Sides,3,700,0,2100,300,900,1200,Walk-in,Transfer,Dinner,16,4
ORD-00008,46145,CUST-0421,FD006,Eba & Egusi Soup,Swallow,1,2600,0,2600,1320,1320,1280,Walk-in,POS,Lunch,13,5
ORD-00069,46145,CUST-0591,FD003,Fried Rice & Chicken,Rice Meals,4,3000,0.1,10800,1580,6320,4480,Takeaway,Transfer,Dinner,18,
ORD-00285,46145,CUST-0022,FD002,Jollof Rice & Chicken,Rice Meals,2,2800,0,5600,1450,2900,2700,Walk-in,Cash,Lunch,12,5
ORD-00999,46145,CUST-0580,FD009,Moi Moi,Sides,4,900,0,3600,380,1520,2080,Takeaway,Cash,Lunch,12,3
ORD-01249,46145,CUST-0208,FD005,Yam Porridge,Traditional Meals,1,2200,0,2200,1050,1050,1150,Walk-in,Transfer,Dinner,16,5
ORD-01352,46145,CUST-0017,FD003,Fried Rice & Chicken,Rice Meals,1,3000,0,3000,1580,1580,1420,Takeaway,POS,Breakfast,10,4
ORD-01529,46145,CUST-0087,FD008,Pounded Yam & Vegetable Soup,Swallow,4,3200,0,12800,1710,6840,5960,Walk-in,Cash,Lunch,14,5
ORD-01640,46145,CUST-0024,FD006,Eba & Egusi Soup,Swallow,4,2600,0,10400,1320,5280,5120,Walk-in,Transfer,Breakfast,10,5
ORD-00100,46146,CUST-0169,FD003,Fried Rice & Chicken,Rice Meals,4,3000,0,12000,1580,6320,5680,Walk-in,Transfer,Lunch,12,4
ORD-00182,46146,CUST-0356,FD008,Pounded Yam & Vegetable Soup,Swallow,4,3200,0,12800,1710,6840,5960,Walk-in,Transfer,Lunch,14,5
ORD-00211,46146,CUST-0215,FD008,Pounded Yam & Vegetable Soup,Swallow,3,3200,0.05,9120,1710,5130,3990,Takeaway,Transfer,Lunch,12,3
ORD-00368,46146,CUST-0431,FD004,Beans & Plantain,Traditional Meals,4,2000,0,8000,960,3840,4160,Walk-in,Transfer,Lunch,15,3
ORD-00638,46146,CUST-0418,FD009,Moi Moi,Sides,3,900,0,2700,380,1140,1560,Takeaway,POS,Lunch,15,5
ORD-00650,46146,CUST-0307,FD003,Fried Rice & Chicken,Rice Meals,1,3000,0,3000,1580,1580,1420,Walk-in,POS,Lunch,15,5
ORD-00952,46146,CUST-0255,FD009,Moi Moi,Sides,4,900,0,3600,380,1520,2080,Delivery,Cash,Breakfast,9,5
ORD-00979,46146,CUST-0611,FD009,Moi Moi,Sides,4,900,0.1,3240,380,1520,1720,Delivery,Cash,Breakfast,8,4
ORD-01063,46146,CUST-0071,FD006,Eba & Egusi Soup,Swallow,4,2600,0.1,9360,1320,5280,4080,Walk-in,Transfer,Lunch,13,4
ORD-01163,46146,CUST-0119,FD003,Fried Rice & Chicken,Rice Meals,1,3000,0,3000,1580,1580,1420,Walk-in,Cash,Lunch,15,4
ORD-01260,46146,CUST-0186,FD004,Beans & Plantain,Traditional Meals,1,2000,0,2000,960,960,1040,Takeaway,POS,Breakfast,9,5
ORD-01528,46146,CUST-0547,FD001,White Rice & Stew,Rice Meals,1,1800,0,1800,820,820,980,Walk-in,Transfer,Lunch,14,4
ORD-01674,46146,CUST-0052,FD001,White Rice & Stew,Rice Meals,1,1800,0,1800,820,820,980,Delivery,Cash,Lunch,14,4
ORD-00369,46147,CUST-0503,FD010,Soft Drink,Beverages,1,600,0.05,570,280,280,290,Walk-in,POS,Lunch,15,5
ORD-00395,46147,CUST-0437,FD006,Eba & Egusi Soup,Swallow,1,2600,0,2600,1320,1320,1280,Takeaway,Transfer,Lunch,12,4
ORD-01722,46147,CUST-0240,FD008,Pounded Yam & Vegetable Soup,Swallow,4,3200,0,12800,1710,6840,5960,Walk-in,POS,Lunch,13,5
ORD-00041,46148,CUST-0378,FD001,White Rice & Stew,Rice Meals,3,1800,0,5400,820,2460,2940,Walk-in,Transfer,Lunch,11,5
ORD-00336,46148,CUST-0564,FD002,Jollof Rice & Chicken,Rice Meals,3,2800,0,8400,1450,4350,4050,Delivery,Transfer,Lunch,14,3
ORD-01137,46148,CUST-0259,FD002,Jollof Rice & Chicken,Rice Meals,4,2800,0,11200,1450,5800,5400,Walk-in,Transfer,Dinner,17,3
ORD-01251,46148,CUST-0427,FD002,Jollof Rice & Chicken,Rice Meals,3,2800,0,8400,1450,4350,4050,Takeaway,POS,Dinner,16,4
ORD-01190,46149,CUST-0083,FD005,Yam Porridge,Traditional Meals,3,2200,0,6600,1050,3150,3450,Takeaway,Cash,Lunch,12,3
ORD-01265,46149,CUST-0432,FD010,Soft Drink,Beverages,1,600,0,600,280,280,320,Takeaway,Cash,Dinner,19,5
ORD-01482,46149,CUST-0445,FD002,Jollof Rice & Chicken,Rice Meals,1,2800,0,2800,1450,1450,1350,Delivery,POS,Breakfast,8,4
ORD-01650,46149,CUST-0539,FD011,Bottled Water,Beverages,4,300,0,1200,120,480,720,Walk-in,Cash,Dinner,19,3
ORD-00060,46150,CUST-0187,FD001,White Rice & Stew,Rice Meals,3,1800,0,5400,820,2460,2940,Walk-in,POS,Dinner,17,4
ORD-00155,46150,CUST-0318,FD012,Fried Plantain,Sides,2,700,0,1400,300,600,800,Takeaway,POS,Breakfast,10,5
ORD-00231,46150,CUST-0352,FD006,Eba & Egusi Soup,Swallow,3,2600,0,7800,1320,3960,3840,Delivery,Transfer,Lunch,11,4
ORD-00513,46150,CUST-0207,FD005,Yam Porridge,Traditional Meals,4,2200,0,8800,1050,4200,4600,Takeaway,Transfer,Lunch,14,4
ORD-00543,46150,CUST-0263,FD002,Jollof Rice & Chicken,Rice Meals,2,2800,0,5600,1450,2900,2700,Walk-in,Transfer,Lunch,13,3
ORD-00903,46150,CUST-0447,FD005,Yam Porridge,Traditional Meals,3,2200,0,6600,1050,3150,3450,Walk-in,Cash,Lunch,11,4
ORD-01124,46150,CUST-0474,FD003,Fried Rice & Chicken,Rice Meals,4,3000,0,12000,1580,6320,5680,Walk-in,Transfer,Lunch,13,4
ORD-01770,46150,CUST-0395,FD004,Beans & Plantain,Traditional Meals,4,2000,0,8000,960,3840,4160,Walk-in,Transfer,Lunch,12,4
ORD-00164,46151,CUST-0209,FD005,Yam Porridge,Traditional Meals,1,2200,0,2200,1050,1050,1150,Walk-in,POS,Lunch,12,3
ORD-00223,46151,CUST-0052,FD001,White Rice & Stew,Rice Meals,3,1800,0,5400,820,2460,2940,Walk-in,Cash,Lunch,11,4
ORD-00717,46151,CUST-0391,FD007,Amala & Ewedu,Swallow,4,2500,0,10000,1250,5000,5000,Walk-in,POS,Breakfast,9,4
ORD-01537,46151,CUST-0639,FD001,White Rice & Stew,Rice Meals,2,1800,0.1,3240,820,1640,1600,Walk-in,POS,Lunch,12,5
ORD-00021,46152,CUST-0046,FD004,Beans & Plantain,Traditional Meals,4,2000,0,8000,960,3840,4160,Walk-in,Cash,Dinner,20,4
ORD-00703,46152,CUST-0078,FD008,Pounded Yam & Vegetable Soup,Swallow,4,3200,0,12800,1710,6840,5960,Takeaway,POS,Lunch,12,4
ORD-00922,46152,CUST-0559,FD007,Amala & Ewedu,Swallow,2,2500,0,5000,1250,2500,2500,Walk-in,Transfer,Dinner,20,3
ORD-01338,46152,CUST-0115,FD006,Eba & Egusi Soup,Swallow,3,2600,0,7800,1320,3960,3840,Walk-in,POS,Dinner,18,4
ORD-00418,46153,CUST-0582,FD007,Amala & Ewedu,Swallow,4,2500,0,10000,1250,5000,5000,Delivery,Cash,Dinner,18,4
ORD-00474,46153,CUST-0088,FD002,Jollof Rice & Chicken,Rice Meals,1,2800,0.1,2520,1450,1450,1070,Takeaway,POS,Lunch,13,4
ORD-00557,46153,CUST-0642,FD005,Yam Porridge,Traditional Meals,4,2200,0,8800,1050,4200,4600,Walk-in,Transfer,Dinner,17,4
ORD-00671,46153,CUST-0476,FD003,Fried Rice & Chicken,Rice Meals,4,3000,0,12000,1580,6320,5680,Delivery,Cash,Lunch,14,4
ORD-00721,46153,CUST-0263,FD004,Beans & Plantain,Traditional Meals,2,2000,0,4000,960,1920,2080,Walk-in,Cash,Dinner,19,4
ORD-01233,46153,CUST-0255,FD006,Eba & Egusi Soup,Swallow,1,2600,0.1,2340,1320,1320,1020,Takeaway,Transfer,Dinner,20,4
ORD-01402,46153,CUST-0189,FD007,Amala & Ewedu,Swallow,2,2500,0,5000,1250,2500,2500,Walk-in,POS,Dinner,19,4
ORD-01423,46153,CUST-0010,FD002,Jollof Rice & Chicken,Rice Meals,3,2800,0,8400,1450,4350,4050,Delivery,Cash,Lunch,14,5
ORD-01522,46153,CUST-0369,FD006,Eba & Egusi Soup,Swallow,1,2600,0,2600,1320,1320,1280,Walk-in,POS,Lunch,11,5
ORD-00347,46154,CUST-0461,FD001,White Rice & Stew,Rice Meals,3,1800,0,5400,820,2460,2940,Walk-in,Transfer,Breakfast,8,3
ORD-00471,46154,CUST-0532,FD002,Jollof Rice & Chicken,Rice Meals,3,2800,0,8400,1450,4350,4050,Takeaway,Transfer,Lunch,13,4
ORD-00825,46154,CUST-0536,FD006,Eba & Egusi Soup,Swallow,3,2600,0,7800,1320,3960,3840,Walk-in,Cash,Dinner,16,5
ORD-00884,46154,CUST-0522,FD004,Beans & Plantain,Traditional Meals,4,2000,0,8000,960,3840,4160,Takeaway,Transfer,Dinner,19,5
ORD-00930,46154,CUST-0114,FD008,Pounded Yam & Vegetable Soup,Swallow,2,3200,0,6400,1710,3420,2980,Delivery,POS,Lunch,13,4
ORD-00941,46154,CUST-0037,FD005,Yam Porridge,Traditional Meals,4,2200,0,8800,1050,4200,4600,Delivery,Transfer,Breakfast,10,5
ORD-00080,46155,CUST-0336,FD004,Beans & Plantain,Traditional Meals,2,2000,0,4000,960,1920,2080,Walk-in,Transfer,Lunch,13,5
ORD-00315,46155,CUST-0008,FD007,Amala & Ewedu,Swallow,3,2500,0,7500,1250,3750,3750,Delivery,Transfer,Lunch,14,4
ORD-00344,46155,CUST-0311,FD002,Jollof Rice & Chicken,Rice Meals,4,2800,0,11200,1450,5800,5400,Walk-in,Cash,Breakfast,9,4
ORD-00523,46155,CUST-0355,FD003,Fried Rice & Chicken,Rice Meals,2,3000,0,6000,1580,3160,2840,Walk-in,POS,Lunch,11,4
ORD-00601,46155,CUST-0326,FD001,White Rice & Stew,Rice Meals,1,1800,0,1800,820,820,980,Walk-in,POS,Lunch,14,4
ORD-00829,46155,CUST-0353,FD003,Fried Rice & Chicken,Rice Meals,4,3000,0,12000,1580,6320,5680,Walk-in,Transfer,Lunch,15,4
ORD-01136,46155,CUST-0315,FD002,Jollof Rice & Chicken,Rice Meals,3,2800,0,8400,1450,4350,4050,Takeaway,Cash,Lunch,11,4
ORD-01256,46155,CUST-0310,FD005,Yam Porridge,Traditional Meals,2,2200,0,4400,1050,2100,2300,Takeaway,Transfer,Lunch,11,4
ORD-01589,46155,CUST-0260,FD005,Yam Porridge,Traditional Meals,3,2200,0,6600,1050,3150,3450,Delivery,Cash,Lunch,14,5
ORD-01756,46155,CUST-0192,FD002,Jollof Rice & Chicken,Rice Meals,2,2800,0,5600,1450,2900,2700,Walk-in,Cash,Lunch,14,5
ORD-01026,46156,CUST-0361,FD007,Amala & Ewedu,Swallow,2,2500,0,5000,1250,2500,2500,Takeaway,Transfer,Lunch,14,
ORD-01154,46156,CUST-0337,FD003,Fried Rice & Chicken,Rice Meals,1,3000,0,3000,1580,1580,1420,Walk-in,POS,Breakfast,8,5
ORD-01443,46156,CUST-0440,FD002,Jollof Rice & Chicken,Rice Meals,2,2800,0,5600,1450,2900,2700,Walk-in,Transfer,Lunch,14,5
ORD-01527,46156,CUST-0491,FD008,Pounded Yam & Vegetable Soup,Swallow,4,3200,0,12800,1710,6840,5960,Walk-in,POS,Lunch,12,4
ORD-01542,46156,CUST-0229,FD003,Fried Rice & Chicken,Rice Meals,2,3000,0,6000,1580,3160,2840,Takeaway,Transfer,Lunch,13,3
ORD-01566,46156,CUST-0558,FD003,Fried Rice & Chicken,Rice Meals,3,3000,0,9000,1580,4740,4260,Takeaway,Transfer,Lunch,12,4
ORD-00098,46157,CUST-0574,FD012,Fried Plantain,Sides,4,700,0,2800,300,1200,1600,Walk-in,Transfer,Lunch,15,4
ORD-00300,46157,CUST-0426,FD003,Fried Rice & Chicken,Rice Meals,4,3000,0,12000,1580,6320,5680,Delivery,POS,Lunch,12,4
ORD-00552,46157,CUST-0106,FD003,Fried Rice & Chicken,Rice Meals,3,3000,0.05,8550,1580,4740,3810,Takeaway,POS,Dinner,19,
ORD-00662,46157,CUST-0088,FD009,Moi Moi,Sides,1,900,0,900,380,380,520,Takeaway,Transfer,Dinner,19,4
ORD-00818,46157,CUST-0285,FD002,Jollof Rice & Chicken,Rice Meals,2,2800,0,5600,1450,2900,2700,Walk-in,Cash,Lunch,14,5
ORD-01286,46157,CUST-0167,FD002,Jollof Rice & Chicken,Rice Meals,2,2800,0,5600,1450,2900,2700,Walk-in,POS,Dinner,18,4
ORD-01329,46157,CUST-0498,FD001,White Rice & Stew,Rice Meals,2,1800,0,3600,820,1640,1960,Walk-in,POS,Lunch,14,3
ORD-01615,46157,CUST-0190,FD008,Pounded Yam & Vegetable Soup,Swallow,4,3200,0,12800,1710,6840,5960,Takeaway,POS,Dinner,20,4
ORD-01734,46157,CUST-0428,FD005,Yam Porridge,Traditional Meals,4,2200,0,8800,1050,4200,4600,Walk-in,POS,Lunch,12,3
ORD-00282,46158,CUST-0539,FD001,White Rice & Stew,Rice Meals,2,1800,0.05,3420,820,1640,1780,Walk-in,Transfer,Lunch,13,3
ORD-00372,46158,CUST-0490,FD002,Jollof Rice & Chicken,Rice Meals,1,2800,0,2800,1450,1450,1350,Walk-in,POS,Lunch,11,4
ORD-00490,46158,CUST-0223,FD002,Jollof Rice & Chicken,Rice Meals,4,2800,0.1,10080,1450,5800,4280,Delivery,Transfer,Lunch,12,4
ORD-00931,46158,CUST-0190,FD001,White Rice & Stew,Rice Meals,4,1800,0,7200,820,3280,3920,Takeaway,Transfer,Lunch,11,4
ORD-00410,46159,CUST-0345,FD010,Soft Drink,Beverages,4,600,0,2400,280,1120,1280,Delivery,Transfer,Lunch,14,5
ORD-00497,46159,CUST-0574,FD003,Fried Rice & Chicken,Rice Meals,4,3000,0,12000,1580,6320,5680,Walk-in,POS,Dinner,19,5
ORD-01047,46159,CUST-0216,FD001,White Rice & Stew,Rice Meals,2,1800,0.05,3420,820,1640,1780,Walk-in,Cash,Dinner,19,5
ORD-01100,46159,CUST-0534,FD003,Fried Rice & Chicken,Rice Meals,4,3000,0,12000,1580,6320,5680,Delivery,Transfer,Lunch,13,5
ORD-01631,46159,CUST-0496,FD011,Bottled Water,Beverages,2,300,0,600,120,240,360,Delivery,Transfer,Dinner,18,5
ORD-00356,46160,CUST-0018,FD006,Eba & Egusi Soup,Swallow,2,2600,0,5200,1320,2640,2560,Walk-in,POS,Lunch,14,4
ORD-00840,46160,CUST-0304,FD004,Beans & Plantain,Traditional Meals,2,2000,0,4000,960,1920,2080,Walk-in,Transfer,Lunch,15,5
ORD-00894,46160,CUST-0410,FD004,Beans & Plantain,Traditional Meals,2,2000,0,4000,960,1920,2080,Delivery,Cash,Lunch,11,4
ORD-00989,46160,CUST-0519,FD010,Soft Drink,Beverages,4,600,0.05,2280,280,1120,1160,Takeaway,Cash,Dinner,17,5
ORD-01159,46160,CUST-0189,FD001,White Rice & Stew,Rice Meals,3,1800,0.05,5130,820,2460,2670,Takeaway,Cash,Dinner,18,3
ORD-01393,46160,CUST-0393,FD005,Yam Porridge,Traditional Meals,2,2200,0,4400,1050,2100,2300,Walk-in,POS,Lunch,15,3
ORD-01441,46160,CUST-0116,FD003,Fried Rice & Chicken,Rice Meals,1,3000,0,3000,1580,1580,1420,Takeaway,POS,Dinner,19,5
ORD-01513,46160,CUST-0507,FD010,Soft Drink,Beverages,3,600,0,1800,280,840,960,Takeaway,Cash,Lunch,15,4
ORD-01601,46160,CUST-0587,FD002,Jollof Rice & Chicken,Rice Meals,1,2800,0,2800,1450,1450,1350,Delivery,Transfer,Lunch,13,4
ORD-00183,46161,CUST-0094,FD002,Jollof Rice & Chicken,Rice Meals,4,2800,0,11200,1450,5800,5400,Walk-in,Transfer,Dinner,20,5
ORD-00458,46161,CUST-0516,FD007,Amala & Ewedu,Swallow,2,2500,0,5000,1250,2500,2500,Delivery,Cash,Lunch,12,3
ORD-00484,46161,CUST-0347,FD005,Yam Porridge,Traditional Meals,1,2200,0,2200,1050,1050,1150,Takeaway,Transfer,Lunch,11,3
ORD-01038,46161,CUST-0144,FD006,Eba & Egusi Soup,Swallow,2,2600,0,5200,1320,2640,2560,Walk-in,POS,Breakfast,8,5
ORD-01273,46161,CUST-0601,FD001,White Rice & Stew,Rice Meals,2,1800,0,3600,820,1640,1960,Delivery,POS,Lunch,11,5
ORD-01572,46161,CUST-0440,FD003,Fried Rice & Chicken,Rice Meals,2,3000,0,6000,1580,3160,2840,Takeaway,POS,Lunch,14,4
ORD-01636,46161,CUST-0366,FD001,White Rice & Stew,Rice Meals,1,1800,0,1800,820,820,980,Walk-in,POS,Breakfast,10,4
ORD-00047,46162,CUST-0220,FD006,Eba & Egusi Soup,Swallow,3,2600,0,7800,1320,3960,3840,Walk-in,Transfer,Lunch,15,4
ORD-00090,46162,CUST-0538,FD006,Eba & Egusi Soup,Swallow,4,2600,0,10400,1320,5280,5120,Takeaway,Transfer,Breakfast,10,5
ORD-00190,46162,CUST-0182,FD010,Soft Drink,Beverages,3,600,0,1800,280,840,960,Walk-in,Transfer,Dinner,18,5
ORD-00254,46162,CUST-0150,FD009,Moi Moi,Sides,2,900,0,1800,380,760,1040,Takeaway,Cash,Breakfast,9,3
ORD-00430,46162,CUST-0357,FD001,White Rice & Stew,Rice Meals,2,1800,0,3600,820,1640,1960,Walk-in,Cash,Lunch,11,5
ORD-00771,46162,CUST-0584,FD003,Fried Rice & Chicken,Rice Meals,3,3000,0,9000,1580,4740,4260,Walk-in,POS,Lunch,11,5
ORD-01059,46162,CUST-0165,FD004,Beans & Plantain,Traditional Meals,1,2000,0,2000,960,960,1040,Walk-in,Cash,Lunch,14,4
ORD-01126,46162,CUST-0197,FD006,Eba & Egusi Soup,Swallow,2,2600,0,5200,1320,2640,2560,Delivery,Transfer,Lunch,14,5
ORD-01342,46162,CUST-0096,FD012,Fried Plantain,Sides,2,700,0,1400,300,600,800,Walk-in,POS,Lunch,14,4
ORD-01621,46162,CUST-0529,FD007,Amala & Ewedu,Swallow,4,2500,0,10000,1250,5000,5000,Delivery,Transfer,Dinner,17,4
ORD-00094,46163,CUST-0521,FD006,Eba & Egusi Soup,Swallow,1,2600,0,2600,1320,1320,1280,Takeaway,POS,Dinner,17,4
ORD-00168,46163,CUST-0596,FD002,Jollof Rice & Chicken,Rice Meals,1,2800,0,2800,1450,1450,1350,Walk-in,POS,Dinner,18,5
ORD-00197,46163,CUST-0571,FD008,Pounded Yam & Vegetable Soup,Swallow,3,3200,0,9600,1710,5130,4470,Takeaway,POS,Lunch,14,4
ORD-00782,46163,CUST-0513,FD008,Pounded Yam & Vegetable Soup,Swallow,2,3200,0.1,5760,1710,3420,2340,Walk-in,POS,Dinner,17,4
ORD-00929,46163,CUST-0377,FD005,Yam Porridge,Traditional Meals,1,2200,0,2200,1050,1050,1150,Walk-in,Transfer,Lunch,13,5
ORD-00998,46163,CUST-0391,FD010,Soft Drink,Beverages,4,600,0,2400,280,1120,1280,Takeaway,Transfer,Dinner,18,5
ORD-01111,46163,CUST-0185,FD003,Fried Rice & Chicken,Rice Meals,3,3000,0.05,8550,1580,4740,3810,Walk-in,Transfer,Dinner,19,5
ORD-01506,46163,CUST-0533,FD007,Amala & Ewedu,Swallow,2,2500,0.1,4500,1250,2500,2000,Takeaway,Transfer,Lunch,14,5
ORD-01516,46163,CUST-0528,FD004,Beans & Plantain,Traditional Meals,2,2000,0,4000,960,1920,2080,Walk-in,Transfer,Lunch,15,3
ORD-01565,46163,CUST-0138,FD001,White Rice & Stew,Rice Meals,3,1800,0,5400,820,2460,2940,Takeaway,Transfer,Lunch,11,4
ORD-01657,46163,CUST-0275,FD012,Fried Plantain,Sides,2,700,0,1400,300,600,800,Walk-in,Transfer,Lunch,12,5
ORD-00067,46164,CUST-0571,FD002,Jollof Rice & Chicken,Rice Meals,1,2800,0,2800,1450,1450,1350,Walk-in,POS,Lunch,15,3
ORD-00412,46164,CUST-0596,FD005,Yam Porridge,Traditional Meals,2,2200,0,4400,1050,2100,2300,Delivery,Transfer,Lunch,13,5
ORD-00849,46164,CUST-0178,FD003,Fried Rice & Chicken,Rice Meals,4,3000,0,12000,1580,6320,5680,Walk-in,POS,Dinner,16,5
ORD-00860,46164,CUST-0365,FD003,Fried Rice & Chicken,Rice Meals,4,3000,0,12000,1580,6320,5680,Takeaway,POS,Dinner,18,5
ORD-01456,46164,CUST-0321,FD007,Amala & Ewedu,Swallow,2,2500,0,5000,1250,2500,2500,Walk-in,POS,Lunch,11,4
ORD-01517,46164,CUST-0105,FD007,Amala & Ewedu,Swallow,3,2500,0,7500,1250,3750,3750,Walk-in,Cash,Dinner,18,3
ORD-01647,46164,CUST-0594,FD004,Beans & Plantain,Traditional Meals,4,2000,0,8000,960,3840,4160,Walk-in,POS,Lunch,12,5
ORD-01708,46164,CUST-0359,FD002,Jollof Rice & Chicken,Rice Meals,3,2800,0.1,7560,1450,4350,3210,Walk-in,Transfer,Lunch,11,4
ORD-00275,46165,CUST-0115,FD006,Eba & Egusi Soup,Swallow,4,2600,0,10400,1320,5280,5120,Walk-in,POS,Lunch,11,4
ORD-00426,46165,CUST-0223,FD003,Fried Rice & Chicken,Rice Meals,1,3000,0,3000,1580,1580,1420,Walk-in,Transfer,Lunch,12,5
ORD-00737,46165,CUST-0194,FD001,White Rice & Stew,Rice Meals,1,1800,0,1800,820,820,980,Walk-in,Transfer,Lunch,15,5
ORD-01464,46165,CUST-0644,FD002,Jollof Rice & Chicken,Rice Meals,2,2800,0,5600,1450,2900,2700,Walk-in,Cash,Lunch,15,4
ORD-01739,46165,CUST-0376,FD009,Moi Moi,Sides,1,900,0,900,380,380,520,Takeaway,Cash,Breakfast,10,4
ORD-00012,46166,CUST-0447,FD012,Fried Plantain,Sides,2,700,0,1400,300,600,800,Takeaway,Cash,Lunch,14,3
ORD-00026,46166,CUST-0068,FD003,Fried Rice & Chicken,Rice Meals,1,3000,0,3000,1580,1580,1420,Takeaway,POS,Lunch,11,5
ORD-00051,46166,CUST-0602,FD006,Eba & Egusi Soup,Swallow,1,2600,0,2600,1320,1320,1280,Takeaway,Transfer,Lunch,12,4
ORD-00467,46166,CUST-0507,FD001,White Rice & Stew,Rice Meals,2,1800,0,3600,820,1640,1960,Walk-in,POS,Dinner,18,5
ORD-00571,46166,CUST-0525,FD002,Jollof Rice & Chicken,Rice Meals,1,2800,0,2800,1450,1450,1350,Walk-in,POS,Lunch,14,4
ORD-00032,46167,CUST-0645,FD003,Fried Rice & Chicken,Rice Meals,2,3000,0,6000,1580,3160,2840,Walk-in,POS,Lunch,14,4
ORD-00144,46167,CUST-0150,FD010,Soft Drink,Beverages,1,600,0.1,540,280,280,260,Walk-in,POS,Lunch,13,4
ORD-00338,46167,CUST-0107,FD004,Beans & Plantain,Traditional Meals,3,2000,0,6000,960,2880,3120,Walk-in,Cash,Lunch,15,5
ORD-00522,46167,CUST-0505,FD001,White Rice & Stew,Rice Meals,4,1800,0,7200,820,3280,3920,Walk-in,Transfer,Dinner,17,4
ORD-00866,46167,CUST-0433,FD007,Amala & Ewedu,Swallow,4,2500,0,10000,1250,5000,5000,Walk-in,Transfer,Breakfast,10,4
ORD-00992,46167,CUST-0401,FD004,Beans & Plantain,Traditional Meals,3,2000,0,6000,960,2880,3120,Delivery,Cash,Dinner,17,5
ORD-00222,46168,CUST-0424,FD001,White Rice & Stew,Rice Meals,1,1800,0,1800,820,820,980,Takeaway,Transfer,Lunch,12,5
ORD-00350,46168,CUST-0434,FD006,Eba & Egusi Soup,Swallow,3,2600,0,7800,1320,3960,3840,Walk-in,Transfer,Lunch,15,4
ORD-00564,46168,CUST-0233,FD004,Beans & Plantain,Traditional Meals,1,2000,0,2000,960,960,1040,Walk-in,Transfer,Lunch,12,4
ORD-00876,46168,CUST-0475,FD001,White Rice & Stew,Rice Meals,3,1800,0,5400,820,2460,2940,Walk-in,Cash,Lunch,14,4
ORD-00996,46168,CUST-0550,FD010,Soft Drink,Beverages,1,600,0.05,570,280,280,290,Walk-in,Transfer,Lunch,13,3
ORD-01222,46168,CUST-0431,FD006,Eba & Egusi Soup,Swallow,4,2600,0,10400,1320,5280,5120,Walk-in,Transfer,Lunch,12,5
ORD-01291,46168,CUST-0272,FD010,Soft Drink,Beverages,3,600,0,1800,280,840,960,Walk-in,POS,Breakfast,8,3
ORD-01492,46168,CUST-0156,FD008,Pounded Yam & Vegetable Soup,Swallow,2,3200,0,6400,1710,3420,2980,Takeaway,POS,Lunch,12,5
ORD-01545,46168,CUST-0589,FD002,Jollof Rice & Chicken,Rice Meals,3,2800,0,8400,1450,4350,4050,Walk-in,Cash,Dinner,20,4
ORD-01681,46168,CUST-0053,FD005,Yam Porridge,Traditional Meals,4,2200,0,8800,1050,4200,4600,Delivery,Transfer,Lunch,13,4
ORD-01780,46168,CUST-0216,FD011,Bottled Water,Beverages,1,300,0,300,120,120,180,Walk-in,Transfer,Lunch,13,3
ORD-00053,46169,CUST-0304,FD010,Soft Drink,Beverages,1,600,0,600,280,280,320,Walk-in,Transfer,Breakfast,10,5
ORD-00068,46169,CUST-0330,FD003,Fried Rice & Chicken,Rice Meals,2,3000,0.05,5700,1580,3160,2540,Walk-in,POS,Lunch,15,4
ORD-00232,46169,CUST-0087,FD012,Fried Plantain,Sides,4,700,0,2800,300,1200,1600,Walk-in,Cash,Lunch,15,4
ORD-00273,46169,CUST-0289,FD005,Yam Porridge,Traditional Meals,1,2200,0,2200,1050,1050,1150,Delivery,Transfer,Lunch,14,4
ORD-00319,46169,CUST-0507,FD001,White Rice & Stew,Rice Meals,2,1800,0,3600,820,1640,1960,Takeaway,Transfer,Lunch,15,4
ORD-00521,46169,CUST-0226,FD002,Jollof Rice & Chicken,Rice Meals,2,2800,0,5600,1450,2900,2700,Walk-in,Cash,Breakfast,10,
ORD-00761,46169,CUST-0588,FD006,Eba & Egusi Soup,Swallow,2,2600,0.05,4940,1320,2640,2300,Takeaway,Cash,Breakfast,8,4
ORD-00871,46169,CUST-0289,FD004,Beans & Plantain,Traditional Meals,4,2000,0,8000,960,3840,4160,Delivery,POS,Lunch,13,5
ORD-00968,46169,CUST-0577,FD004,Beans & Plantain,Traditional Meals,1,2000,0,2000,960,960,1040,Takeaway,POS,Dinner,17,4
ORD-01138,46169,CUST-0529,FD002,Jollof Rice & Chicken,Rice Meals,1,2800,0.05,2660,1450,1450,1210,Walk-in,POS,Breakfast,9,5
ORD-01245,46169,CUST-0225,FD007,Amala & Ewedu,Swallow,3,2500,0,7500,1250,3750,3750,Takeaway,Transfer,Lunch,14,4
ORD-01625,46169,CUST-0238,FD001,White Rice & Stew,Rice Meals,4,1800,0,7200,820,3280,3920,Takeaway,POS,Dinner,20,4
ORD-00097,46170,CUST-0188,FD006,Eba & Egusi Soup,Swallow,3,2600,0.1,7020,1320,3960,3060,Walk-in,Transfer,Lunch,15,4
ORD-00470,46170,CUST-0408,FD006,Eba & Egusi Soup,Swallow,3,2600,0,7800,1320,3960,3840,Delivery,Transfer,Breakfast,10,4
ORD-00545,46170,CUST-0047,FD009,Moi Moi,Sides,1,900,0,900,380,380,520,Walk-in,Transfer,Breakfast,9,4
ORD-00675,46170,CUST-0196,FD003,Fried Rice & Chicken,Rice Meals,3,3000,0,9000,1580,4740,4260,Delivery,Cash,Dinner,20,4
ORD-01414,46170,CUST-0211,FD004,Beans & Plantain,Traditional Meals,1,2000,0,2000,960,960,1040,Walk-in,Cash,Breakfast,8,4
ORD-01606,46170,CUST-0235,FD004,Beans & Plantain,Traditional Meals,2,2000,0,4000,960,1920,2080,Takeaway,POS,Breakfast,9,4
ORD-00078,46171,CUST-0247,FD012,Fried Plantain,Sides,3,700,0,2100,300,900,1200,Walk-in,Transfer,Lunch,14,5
ORD-00399,46171,CUST-0490,FD005,Yam Porridge,Traditional Meals,2,2200,0,4400,1050,2100,2300,Takeaway,POS,Lunch,15,3
ORD-00596,46171,CUST-0373,FD010,Soft Drink,Beverages,2,600,0,1200,280,560,640,Walk-in,Transfer,Lunch,13,5
ORD-00605,46171,CUST-0338,FD003,Fried Rice & Chicken,Rice Meals,3,3000,0,9000,1580,4740,4260,Takeaway,Transfer,Lunch,11,5
ORD-00950,46171,CUST-0478,FD005,Yam Porridge,Traditional Meals,3,2200,0.1,5940,1050,3150,2790,Takeaway,Transfer,Dinner,18,4
ORD-01534,46171,CUST-0494,FD004,Beans & Plantain,Traditional Meals,3,2000,0.05,5700,960,2880,2820,Walk-in,POS,Dinner,19,5
ORD-01568,46171,CUST-0414,FD004,Beans & Plantain,Traditional Meals,2,2000,0,4000,960,1920,2080,Walk-in,Transfer,Lunch,11,5
ORD-00238,46172,CUST-0610,FD003,Fried Rice & Chicken,Rice Meals,2,3000,0,6000,1580,3160,2840,Walk-in,POS,Breakfast,8,4
ORD-00294,46172,CUST-0049,FD006,Eba & Egusi Soup,Swallow,3,2600,0,7800,1320,3960,3840,Delivery,Transfer,Dinner,17,5
ORD-00304,46172,CUST-0132,FD001,White Rice & Stew,Rice Meals,3,1800,0,5400,820,2460,2940,Walk-in,Transfer,Lunch,15,5
ORD-00402,46172,CUST-0198,FD002,Jollof Rice & Chicken,Rice Meals,2,2800,0,5600,1450,2900,2700,Walk-in,Transfer,Lunch,15,4
ORD-00539,46172,CUST-0125,FD001,White Rice & Stew,Rice Meals,1,1800,0,1800,820,820,980,Delivery,Transfer,Lunch,15,3
ORD-00617,46172,CUST-0333,FD001,White Rice & Stew,Rice Meals,1,1800,0.1,1620,820,820,800,Takeaway,Cash,Lunch,11,5
ORD-00797,46172,CUST-0625,FD011,Bottled Water,Beverages,2,300,0,600,120,240,360,Takeaway,Transfer,Lunch,12,5
ORD-00839,46172,CUST-0035,FD003,Fried Rice & Chicken,Rice Meals,1,3000,0.05,2850,1580,1580,1270,Delivery,POS,Lunch,12,5
ORD-01018,46172,CUST-0406,FD001,White Rice & Stew,Rice Meals,4,1800,0,7200,820,3280,3920,Walk-in,Cash,Dinner,16,4
ORD-00063,46173,CUST-0391,FD006,Eba & Egusi Soup,Swallow,2,2600,0,5200,1320,2640,2560,Takeaway,POS,Lunch,12,3
ORD-01385,46173,CUST-0509,FD002,Jollof Rice & Chicken,Rice Meals,3,2800,0,8400,1450,4350,4050,Takeaway,POS,Breakfast,8,4
ORD-01455,46173,CUST-0280,FD007,Amala & Ewedu,Swallow,3,2500,0,7500,1250,3750,3750,Takeaway,Transfer,Lunch,11,3
ORD-01477,46173,CUST-0623,FD002,Jollof Rice & Chicken,Rice Meals,4,2800,0,11200,1450,5800,5400,Walk-in,POS,Dinner,17,5
ORD-01599,46173,CUST-0474,FD005,Yam Porridge,Traditional Meals,4,2200,0,8800,1050,4200,4600,Delivery,POS,Lunch,11,4
ORD-01641,46173,CUST-0545,FD002,Jollof Rice & Chicken,Rice Meals,1,2800,0,2800,1450,1450,1350,Walk-in,POS,Dinner,17,5
ORD-00103,46174,CUST-0087,FD001,White Rice & Stew,Rice Meals,3,1800,0,5400,820,2460,2940,Walk-in,Transfer,Dinner,20,5
ORD-00805,46174,CUST-0567,FD003,Fried Rice & Chicken,Rice Meals,1,3000,0,3000,1580,1580,1420,Takeaway,Cash,Dinner,18,4
ORD-01184,46174,CUST-0515,FD008,Pounded Yam & Vegetable Soup,Swallow,1,3200,0,3200,1710,1710,1490,Takeaway,POS,Lunch,15,4
ORD-01221,46174,CUST-0396,FD003,Fried Rice & Chicken,Rice Meals,3,3000,0,9000,1580,4740,4260,Takeaway,POS,Lunch,12,4
ORD-01243,46174,CUST-0066,FD005,Yam Porridge,Traditional Meals,3,2200,0,6600,1050,3150,3450,Walk-in,Cash,Lunch,11,5
ORD-01339,46174,CUST-0467,FD002,Jollof Rice & Chicken,Rice Meals,1,2800,0,2800,1450,1450,1350,Takeaway,POS,Lunch,15,3
ORD-01432,46174,CUST-0177,FD011,Bottled Water,Beverages,4,300,0,1200,120,480,720,Takeaway,Transfer,Lunch,15,5
ORD-01547,46174,CUST-0102,FD008,Pounded Yam & Vegetable Soup,Swallow,1,3200,0,3200,1710,1710,1490,Walk-in,POS,Lunch,12,4
ORD-01673,46174,CUST-0415,FD010,Soft Drink,Beverages,1,600,0.05,570,280,280,290,Walk-in,Transfer,Dinner,19,4
ORD-00174,46175,CUST-0451,FD008,Pounded Yam & Vegetable Soup,Swallow,1,3200,0,3200,1710,1710,1490,Walk-in,Transfer,Breakfast,8,3
ORD-00464,46175,CUST-0509,FD010,Soft Drink,Beverages,4,600,0,2400,280,1120,1280,Walk-in,POS,Lunch,12,4
ORD-00858,46175,CUST-0044,FD009,Moi Moi,Sides,3,900,0,2700,380,1140,1560,Walk-in,Transfer,Dinner,18,5
ORD-01363,46175,CUST-0344,FD003,Fried Rice & Chicken,Rice Meals,4,3000,0,12000,1580,6320,5680,Takeaway,Cash,Lunch,12,5
ORD-01370,46175,CUST-0374,FD003,Fried Rice & Chicken,Rice Meals,2,3000,0.05,5700,1580,3160,2540,Takeaway,Transfer,Lunch,12,4
ORD-01442,46175,CUST-0003,FD001,White Rice & Stew,Rice Meals,4,1800,0,7200,820,3280,3920,Delivery,POS,Lunch,14,
ORD-01610,46175,CUST-0174,FD008,Pounded Yam & Vegetable Soup,Swallow,2,3200,0,6400,1710,3420,2980,Takeaway,Cash,Lunch,15,4
ORD-01664,46175,CUST-0055,FD004,Beans & Plantain,Traditional Meals,2,2000,0,4000,960,1920,2080,Walk-in,POS,Lunch,13,4
ORD-01755,46175,CUST-0378,FD003,Fried Rice & Chicken,Rice Meals,4,3000,0,12000,1580,6320,5680,Walk-in,Transfer,Breakfast,8,4
ORD-00093,46176,CUST-0538,FD009,Moi Moi,Sides,1,900,0,900,380,380,520,Walk-in,Transfer,Breakfast,10,5
ORD-00246,46176,CUST-0017,FD007,Amala & Ewedu,Swallow,4,2500,0,10000,1250,5000,5000,Walk-in,Transfer,Lunch,12,4
ORD-00260,46176,CUST-0088,FD008,Pounded Yam & Vegetable Soup,Swallow,4,3200,0,12800,1710,6840,5960,Walk-in,POS,Lunch,15,5
ORD-00380,46176,CUST-0193,FD009,Moi Moi,Sides,1,900,0,900,380,380,520,Delivery,POS,Lunch,12,4
ORD-00414,46176,CUST-0628,FD001,White Rice & Stew,Rice Meals,2,1800,0.05,3420,820,1640,1780,Takeaway,Transfer,Lunch,15,4
ORD-01181,46176,CUST-0166,FD002,Jollof Rice & Chicken,Rice Meals,2,2800,0,5600,1450,2900,2700,Walk-in,Transfer,Lunch,14,3
ORD-01216,46176,CUST-0431,FD001,White Rice & Stew,Rice Meals,3,1800,0.1,4860,820,2460,2400,Delivery,POS,Breakfast,9,5
ORD-01404,46176,CUST-0165,FD003,Fried Rice & Chicken,Rice Meals,3,3000,0,9000,1580,4740,4260,Walk-in,POS,Dinner,19,5
ORD-01435,46176,CUST-0412,FD004,Beans & Plantain,Traditional Meals,3,2000,0,6000,960,2880,3120,Takeaway,Transfer,Dinner,19,4
ORD-01796,46176,CUST-0527,FD006,Eba & Egusi Soup,Swallow,2,2600,0,5200,1320,2640,2560,Walk-in,Cash,Lunch,13,5
ORD-00031,46177,CUST-0571,FD004,Beans & Plantain,Traditional Meals,3,2000,0,6000,960,2880,3120,Takeaway,Cash,Breakfast,8,4
ORD-00646,46177,CUST-0104,FD002,Jollof Rice & Chicken,Rice Meals,2,2800,0,5600,1450,2900,2700,Walk-in,Cash,Lunch,15,5
ORD-00691,46177,CUST-0126,FD003,Fried Rice & Chicken,Rice Meals,2,3000,0.05,5700,1580,3160,2540,Walk-in,Transfer,Lunch,11,5
ORD-00837,46177,CUST-0592,FD010,Soft Drink,Beverages,4,600,0,2400,280,1120,1280,Walk-in,Cash,Lunch,12,4
ORD-00892,46177,CUST-0357,FD003,Fried Rice & Chicken,Rice Meals,3,3000,0,9000,1580,4740,4260,Takeaway,Cash,Lunch,15,5
ORD-01043,46177,CUST-0286,FD005,Yam Porridge,Traditional Meals,1,2200,0,2200,1050,1050,1150,Walk-in,POS,Lunch,14,5
ORD-01103,46177,CUST-0341,FD003,Fried Rice & Chicken,Rice Meals,3,3000,0,9000,1580,4740,4260,Delivery,POS,Lunch,15,4
ORD-01333,46177,CUST-0285,FD006,Eba & Egusi Soup,Swallow,2,2600,0,5200,1320,2640,2560,Walk-in,POS,Lunch,12,5
ORD-01602,46177,CUST-0174,FD009,Moi Moi,Sides,1,900,0,900,380,380,520,Walk-in,Cash,Lunch,15,4
ORD-00022,46178,CUST-0198,FD002,Jollof Rice & Chicken,Rice Meals,2,2800,0,5600,1450,2900,2700,Walk-in,Transfer,Lunch,15,5
ORD-00052,46178,CUST-0375,FD005,Yam Porridge,Traditional Meals,1,2200,0,2200,1050,1050,1150,Delivery,POS,Dinner,18,4
ORD-00342,46178,CUST-0367,FD004,Beans & Plantain,Traditional Meals,3,2000,0,6000,960,2880,3120,Walk-in,POS,Dinner,19,3
ORD-00875,46178,CUST-0470,FD001,White Rice & Stew,Rice Meals,2,1800,0,3600,820,1640,1960,Delivery,Cash,Dinner,18,4
ORD-00953,46178,CUST-0164,FD009,Moi Moi,Sides,1,900,0,900,380,380,520,Takeaway,Transfer,Lunch,12,5
ORD-01232,46178,CUST-0003,FD003,Fried Rice & Chicken,Rice Meals,1,3000,0,3000,1580,1580,1420,Delivery,POS,Lunch,14,5
ORD-01634,46178,CUST-0226,FD008,Pounded Yam & Vegetable Soup,Swallow,3,3200,0,9600,1710,5130,4470,Takeaway,POS,Lunch,12,4
ORD-01749,46178,CUST-0147,FD011,Bottled Water,Beverages,3,300,0,900,120,360,540,Walk-in,Transfer,Lunch,14,4
ORD-00139,46179,CUST-0021,FD012,Fried Plantain,Sides,2,700,0,1400,300,600,800,Takeaway,Transfer,Lunch,11,5
ORD-00177,46179,CUST-0214,FD001,White Rice & Stew,Rice Meals,2,1800,0,3600,820,1640,1960,Walk-in,Cash,Lunch,13,4
ORD-00290,46179,CUST-0261,FD001,White Rice & Stew,Rice Meals,1,1800,0,1800,820,820,980,Walk-in,Transfer,Dinner,17,4
ORD-00684,46179,CUST-0171,FD001,White Rice & Stew,Rice Meals,3,1800,0.05,5130,820,2460,2670,Takeaway,Transfer,Lunch,15,3
ORD-00984,46179,CUST-0079,FD001,White Rice & Stew,Rice Meals,3,1800,0,5400,820,2460,2940,Walk-in,Cash,Lunch,14,5
ORD-01400,46179,CUST-0055,FD004,Beans & Plantain,Traditional Meals,3,2000,0,6000,960,2880,3120,Walk-in,POS,Breakfast,8,4
ORD-01487,46179,CUST-0533,FD008,Pounded Yam & Vegetable Soup,Swallow,1,3200,0,3200,1710,1710,1490,Walk-in,POS,Lunch,11,4
ORD-01488,46179,CUST-0465,FD008,Pounded Yam & Vegetable Soup,Swallow,3,3200,0,9600,1710,5130,4470,Delivery,Cash,Lunch,14,5
ORD-01526,46179,CUST-0433,FD011,Bottled Water,Beverages,2,300,0,600,120,240,360,Takeaway,POS,Lunch,13,5
ORD-00252,46180,CUST-0494,FD005,Yam Porridge,Traditional Meals,1,2200,0,2200,1050,1050,1150,Takeaway,Transfer,Dinner,19,4
ORD-00882,46180,CUST-0423,FD001,White Rice & Stew,Rice Meals,4,1800,0,7200,820,3280,3920,Delivery,Cash,Lunch,14,5
ORD-01319,46180,CUST-0253,FD007,Amala & Ewedu,Swallow,2,2500,0,5000,1250,2500,2500,Takeaway,POS,Lunch,12,3
ORD-01682,46180,CUST-0395,FD002,Jollof Rice & Chicken,Rice Meals,3,2800,0,8400,1450,4350,4050,Takeaway,Cash,Lunch,12,4
ORD-00076,46181,CUST-0211,FD007,Amala & Ewedu,Swallow,2,2500,0,5000,1250,2500,2500,Takeaway,Cash,Lunch,15,4
ORD-00099,46181,CUST-0531,FD008,Pounded Yam & Vegetable Soup,Swallow,1,3200,0,3200,1710,1710,1490,Walk-in,Cash,Lunch,11,3
ORD-00120,46181,CUST-0119,FD003,Fried Rice & Chicken,Rice Meals,2,3000,0,6000,1580,3160,2840,Takeaway,Cash,Lunch,12,5
ORD-00160,46181,CUST-0293,FD007,Amala & Ewedu,Swallow,4,2500,0.05,9500,1250,5000,4500,Takeaway,POS,Lunch,14,5
ORD-00477,46181,CUST-0647,FD004,Beans & Plantain,Traditional Meals,3,2000,0,6000,960,2880,3120,Takeaway,Cash,Lunch,13,3
ORD-01033,46181,CUST-0646,FD007,Amala & Ewedu,Swallow,1,2500,0,2500,1250,1250,1250,Takeaway,Transfer,Dinner,17,4
ORD-01101,46181,CUST-0118,FD002,Jollof Rice & Chicken,Rice Meals,1,2800,0,2800,1450,1450,1350,Delivery,Cash,Dinner,19,4
ORD-01143,46181,CUST-0047,FD011,Bottled Water,Beverages,3,300,0,900,120,360,540,Takeaway,Transfer,Breakfast,8,4
ORD-01449,46181,CUST-0159,FD003,Fried Rice & Chicken,Rice Meals,3,3000,0,9000,1580,4740,4260,Walk-in,POS,Dinner,19,3
ORD-01747,46181,CUST-0086,FD003,Fried Rice & Chicken,Rice Meals,2,3000,0,6000,1580,3160,2840,Takeaway,POS,Lunch,14,5
ORD-00105,46182,CUST-0620,FD006,Eba & Egusi Soup,Swallow,3,2600,0,7800,1320,3960,3840,Takeaway,POS,Lunch,12,5
ORD-00203,46182,CUST-0381,FD004,Beans & Plantain,Traditional Meals,2,2000,0,4000,960,1920,2080,Walk-in,Cash,Lunch,11,4
ORD-00553,46182,CUST-0375,FD004,Beans & Plantain,Traditional Meals,2,2000,0,4000,960,1920,2080,Walk-in,Transfer,Lunch,12,4
ORD-00868,46182,CUST-0468,FD003,Fried Rice & Chicken,Rice Meals,4,3000,0,12000,1580,6320,5680,Walk-in,Transfer,Breakfast,10,5
ORD-00937,46182,CUST-0047,FD004,Beans & Plantain,Traditional Meals,1,2000,0,2000,960,960,1040,Walk-in,POS,Lunch,12,3
ORD-00959,46182,CUST-0547,FD004,Beans & Plantain,Traditional Meals,1,2000,0.05,1900,960,960,940,Walk-in,POS,Lunch,13,4
ORD-00967,46182,CUST-0302,FD009,Moi Moi,Sides,1,900,0,900,380,380,520,Walk-in,Cash,Lunch,13,5
ORD-01125,46182,CUST-0367,FD002,Jollof Rice & Chicken,Rice Meals,4,2800,0,11200,1450,5800,5400,Walk-in,POS,Lunch,14,4
ORD-01328,46182,CUST-0243,FD011,Bottled Water,Beverages,4,300,0,1200,120,480,720,Takeaway,POS,Dinner,20,4
ORD-00682,46183,CUST-0559,FD006,Eba & Egusi Soup,Swallow,4,2600,0,10400,1320,5280,5120,Walk-in,POS,Lunch,14,5
ORD-00695,46183,CUST-0503,FD004,Beans & Plantain,Traditional Meals,2,2000,0,4000,960,1920,2080,Walk-in,Transfer,Lunch,13,4
ORD-00962,46183,CUST-0608,FD003,Fried Rice & Chicken,Rice Meals,4,3000,0,12000,1580,6320,5680,Walk-in,POS,Lunch,13,5
ORD-01150,46183,CUST-0324,FD007,Amala & Ewedu,Swallow,2,2500,0,5000,1250,2500,2500,Walk-in,Transfer,Lunch,15,5
ORD-01186,46183,CUST-0016,FD004,Beans & Plantain,Traditional Meals,3,2000,0,6000,960,2880,3120,Takeaway,POS,Lunch,12,5
ORD-01378,46183,CUST-0128,FD005,Yam Porridge,Traditional Meals,1,2200,0,2200,1050,1050,1150,Walk-in,POS,Lunch,14,4
ORD-01573,46183,CUST-0269,FD011,Bottled Water,Beverages,3,300,0,900,120,360,540,Delivery,POS,Lunch,11,5
ORD-01622,46183,CUST-0298,FD006,Eba & Egusi Soup,Swallow,2,2600,0,5200,1320,2640,2560,Takeaway,POS,Lunch,11,4
ORD-00148,46184,CUST-0070,FD012,Fried Plantain,Sides,3,700,0,2100,300,900,1200,Takeaway,POS,Lunch,12,4
ORD-00198,46184,CUST-0576,FD006,Eba & Egusi Soup,Swallow,4,2600,0,10400,1320,5280,5120,Delivery,Transfer,Lunch,14,4
ORD-00585,46184,CUST-0272,FD001,White Rice & Stew,Rice Meals,3,1800,0,5400,820,2460,2940,Walk-in,POS,Lunch,12,3
ORD-00690,46184,CUST-0087,FD006,Eba & Egusi Soup,Swallow,3,2600,0,7800,1320,3960,3840,Walk-in,Transfer,Breakfast,8,
ORD-00848,46184,CUST-0030,FD002,Jollof Rice & Chicken,Rice Meals,3,2800,0,8400,1450,4350,4050,Walk-in,Cash,Lunch,14,4
ORD-01016,46184,CUST-0441,FD003,Fried Rice & Chicken,Rice Meals,2,3000,0,6000,1580,3160,2840,Walk-in,POS,Lunch,13,4
ORD-01165,46184,CUST-0211,FD005,Yam Porridge,Traditional Meals,1,2200,0,2200,1050,1050,1150,Walk-in,Cash,Lunch,12,5
ORD-01296,46184,CUST-0602,FD001,White Rice & Stew,Rice Meals,2,1800,0,3600,820,1640,1960,Walk-in,Transfer,Breakfast,8,4
ORD-01310,46184,CUST-0151,FD003,Fried Rice & Chicken,Rice Meals,2,3000,0,6000,1580,3160,2840,Takeaway,POS,Lunch,13,5
ORD-01611,46184,CUST-0423,FD001,White Rice & Stew,Rice Meals,1,1800,0,1800,820,820,980,Takeaway,POS,Lunch,13,4
ORD-00233,46185,CUST-0031,FD002,Jollof Rice & Chicken,Rice Meals,1,2800,0,2800,1450,1450,1350,Takeaway,Cash,Lunch,12,4
ORD-00384,46185,CUST-0623,FD002,Jollof Rice & Chicken,Rice Meals,4,2800,0,11200,1450,5800,5400,Takeaway,POS,Dinner,16,5
ORD-01062,46185,CUST-0579,FD008,Pounded Yam & Vegetable Soup,Swallow,4,3200,0,12800,1710,6840,5960,Walk-in,Cash,Dinner,16,5
ORD-01088,46185,CUST-0461,FD005,Yam Porridge,Traditional Meals,3,2200,0.1,5940,1050,3150,2790,Takeaway,Transfer,Dinner,18,5
ORD-01182,46185,CUST-0512,FD002,Jollof Rice & Chicken,Rice Meals,1,2800,0,2800,1450,1450,1350,Takeaway,Cash,Breakfast,9,4
ORD-01278,46185,CUST-0604,FD003,Fried Rice & Chicken,Rice Meals,2,3000,0,6000,1580,3160,2840,Walk-in,Transfer,Dinner,20,4
ORD-01382,46185,CUST-0379,FD007,Amala & Ewedu,Swallow,3,2500,0,7500,1250,3750,3750,Walk-in,POS,Lunch,14,4
ORD-00503,46186,CUST-0482,FD003,Fried Rice & Chicken,Rice Meals,2,3000,0,6000,1580,3160,2840,Walk-in,Transfer,Lunch,15,4
ORD-00700,46186,CUST-0299,FD011,Bottled Water,Beverages,4,300,0,1200,120,480,720,Takeaway,Transfer,Dinner,18,3
ORD-00808,46186,CUST-0563,FD002,Jollof Rice & Chicken,Rice Meals,2,2800,0,5600,1450,2900,2700,Takeaway,Cash,Lunch,13,4
ORD-00817,46186,CUST-0100,FD010,Soft Drink,Beverages,2,600,0,1200,280,560,640,Walk-in,POS,Lunch,12,4
ORD-00859,46186,CUST-0383,FD005,Yam Porridge,Traditional Meals,4,2200,0,8800,1050,4200,4600,Delivery,Transfer,Dinner,16,3
ORD-01336,46186,CUST-0277,FD004,Beans & Plantain,Traditional Meals,3,2000,0,6000,960,2880,3120,Walk-in,POS,Dinner,17,4
ORD-01475,46186,CUST-0255,FD001,White Rice & Stew,Rice Meals,4,1800,0,7200,820,3280,3920,Walk-in,POS,Dinner,17,5
ORD-01718,46186,CUST-0632,FD004,Beans & Plantain,Traditional Meals,4,2000,0,8000,960,3840,4160,Walk-in,POS,Lunch,13,4
ORD-00202,46187,CUST-0065,FD004,Beans & Plantain,Traditional Meals,3,2000,0,6000,960,2880,3120,Walk-in,Cash,Lunch,11,3
ORD-00305,46187,CUST-0479,FD001,White Rice & Stew,Rice Meals,4,1800,0,7200,820,3280,3920,Delivery,POS,Lunch,15,5
ORD-00355,46187,CUST-0139,FD006,Eba & Egusi Soup,Swallow,1,2600,0,2600,1320,1320,1280,Takeaway,POS,Lunch,13,5
ORD-00535,46187,CUST-0152,FD001,White Rice & Stew,Rice Meals,2,1800,0,3600,820,1640,1960,Walk-in,POS,Lunch,11,3
ORD-00586,46187,CUST-0569,FD002,Jollof Rice & Chicken,Rice Meals,3,2800,0,8400,1450,4350,4050,Walk-in,Cash,Breakfast,8,4
ORD-00768,46187,CUST-0395,FD006,Eba & Egusi Soup,Swallow,3,2600,0,7800,1320,3960,3840,Takeaway,Transfer,Lunch,15,5
ORD-01195,46187,CUST-0605,FD004,Beans & Plantain,Traditional Meals,1,2000,0,2000,960,960,1040,Delivery,Cash,Dinner,16,5
ORD-01555,46187,CUST-0158,FD006,Eba & Egusi Soup,Swallow,1,2600,0,2600,1320,1320,1280,Walk-in,Cash,Breakfast,9,4
ORD-00071,46188,CUST-0142,FD004,Beans & Plantain,Traditional Meals,1,2000,0,2000,960,960,1040,Walk-in,Transfer,Lunch,13,5
ORD-00236,46188,CUST-0280,FD012,Fried Plantain,Sides,2,700,0,1400,300,600,800,Delivery,Transfer,Lunch,12,5
ORD-00783,46188,CUST-0539,FD004,Beans & Plantain,Traditional Meals,4,2000,0,8000,960,3840,4160,Takeaway,POS,Lunch,12,4
ORD-00798,46188,CUST-0621,FD003,Fried Rice & Chicken,Rice Meals,3,3000,0,9000,1580,4740,4260,Delivery,POS,Lunch,12,4
ORD-00904,46188,CUST-0294,FD002,Jollof Rice & Chicken,Rice Meals,2,2800,0,5600,1450,2900,2700,Walk-in,POS,Lunch,15,4
ORD-00927,46188,CUST-0339,FD001,White Rice & Stew,Rice Meals,2,1800,0,3600,820,1640,1960,Walk-in,Cash,Lunch,11,5
ORD-01025,46188,CUST-0186,FD003,Fried Rice & Chicken,Rice Meals,3,3000,0,9000,1580,4740,4260,Takeaway,Transfer,Breakfast,8,5
ORD-01417,46188,CUST-0589,FD001,White Rice & Stew,Rice Meals,4,1800,0,7200,820,3280,3920,Walk-in,Cash,Lunch,14,3
ORD-01561,46188,CUST-0076,FD001,White Rice & Stew,Rice Meals,3,1800,0,5400,820,2460,2940,Takeaway,POS,Lunch,15,4
ORD-01702,46188,CUST-0135,FD007,Amala & Ewedu,Swallow,3,2500,0,7500,1250,3750,3750,Walk-in,POS,Dinner,17,4
ORD-01763,46188,CUST-0148,FD008,Pounded Yam & Vegetable Soup,Swallow,2,3200,0,6400,1710,3420,2980,Delivery,Cash,Breakfast,9,5
ORD-00085,46189,CUST-0288,FD003,Fried Rice & Chicken,Rice Meals,2,3000,0,6000,1580,3160,2840,Takeaway,Transfer,Lunch,15,5
ORD-00173,46189,CUST-0352,FD004,Beans & Plantain,Traditional Meals,1,2000,0.05,1900,960,960,940,Takeaway,POS,Dinner,20,4
ORD-00613,46189,CUST-0196,FD002,Jollof Rice & Chicken,Rice Meals,1,2800,0.05,2660,1450,1450,1210,Walk-in,Transfer,Dinner,16,3
ORD-01151,46189,CUST-0429,FD006,Eba & Egusi Soup,Swallow,1,2600,0,2600,1320,1320,1280,Delivery,POS,Breakfast,9,4
ORD-01303,46189,CUST-0304,FD012,Fried Plantain,Sides,2,700,0,1400,300,600,800,Delivery,Cash,Lunch,12,4
ORD-01479,46189,CUST-0004,FD009,Moi Moi,Sides,3,900,0,2700,380,1140,1560,Takeaway,Transfer,Lunch,14,4
ORD-00037,46190,CUST-0434,FD012,Fried Plantain,Sides,1,700,0,700,300,300,400,Walk-in,POS,Dinner,20,4
ORD-00092,46190,CUST-0495,FD004,Beans & Plantain,Traditional Meals,4,2000,0,8000,960,3840,4160,Walk-in,Transfer,Lunch,11,5
ORD-00331,46191,CUST-0519,FD010,Soft Drink,Beverages,4,600,0,2400,280,1120,1280,Walk-in,POS,Lunch,13,4
ORD-00541,46191,CUST-0546,FD011,Bottled Water,Beverages,3,300,0,900,120,360,540,Delivery,Cash,Lunch,15,4
ORD-00542,46191,CUST-0514,FD002,Jollof Rice & Chicken,Rice Meals,3,2800,0,8400,1450,4350,4050,Walk-in,Cash,Lunch,15,4
ORD-00642,46191,CUST-0554,FD001,White Rice & Stew,Rice Meals,1,1800,0,1800,820,820,980,Walk-in,POS,Lunch,13,5
ORD-00899,46191,CUST-0629,FD002,Jollof Rice & Chicken,Rice Meals,1,2800,0,2800,1450,1450,1350,Delivery,Cash,Lunch,15,4
ORD-00949,46191,CUST-0052,FD003,Fried Rice & Chicken,Rice Meals,1,3000,0,3000,1580,1580,1420,Takeaway,Cash,Breakfast,8,
ORD-01020,46191,CUST-0497,FD008,Pounded Yam & Vegetable Soup,Swallow,1,3200,0.05,3040,1710,1710,1330,Walk-in,Transfer,Lunch,13,5
ORD-01171,46191,CUST-0079,FD006,Eba & Egusi Soup,Swallow,3,2600,0.05,7410,1320,3960,3450,Takeaway,Transfer,Dinner,17,5
ORD-01548,46191,CUST-0643,FD003,Fried Rice & Chicken,Rice Meals,4,3000,0,12000,1580,6320,5680,Delivery,Transfer,Lunch,12,3
ORD-00013,46192,CUST-0474,FD008,Pounded Yam & Vegetable Soup,Swallow,4,3200,0,12800,1710,6840,5960,Delivery,Cash,Dinner,16,5
ORD-01199,46192,CUST-0646,FD010,Soft Drink,Beverages,3,600,0,1800,280,840,960,Walk-in,Cash,Dinner,16,5
ORD-01220,46192,CUST-0229,FD003,Fried Rice & Chicken,Rice Meals,2,3000,0,6000,1580,3160,2840,Walk-in,Transfer,Lunch,15,5
ORD-01247,46192,CUST-0390,FD010,Soft Drink,Beverages,1,600,0,600,280,280,320,Walk-in,Cash,Lunch,11,5
ORD-01379,46192,CUST-0595,FD003,Fried Rice & Chicken,Rice Meals,4,3000,0,12000,1580,6320,5680,Takeaway,Cash,Lunch,13,4
ORD-01775,46192,CUST-0614,FD002,Jollof Rice & Chicken,Rice Meals,3,2800,0,8400,1450,4350,4050,Walk-in,POS,Lunch,14,4
ORD-00374,46193,CUST-0263,FD004,Beans & Plantain,Traditional Meals,3,2000,0,6000,960,2880,3120,Walk-in,Cash,Breakfast,9,4
ORD-00448,46193,CUST-0399,FD003,Fried Rice & Chicken,Rice Meals,4,3000,0,12000,1580,6320,5680,Walk-in,POS,Dinner,18,5
ORD-00547,46193,CUST-0468,FD012,Fried Plantain,Sides,4,700,0,2800,300,1200,1600,Delivery,Transfer,Lunch,15,5
ORD-00587,46193,CUST-0262,FD006,Eba & Egusi Soup,Swallow,1,2600,0.05,2470,1320,1320,1150,Takeaway,POS,Lunch,13,5
ORD-01758,46193,CUST-0317,FD003,Fried Rice & Chicken,Rice Meals,4,3000,0,12000,1580,6320,5680,Walk-in,POS,Dinner,18,4
ORD-00546,46194,CUST-0568,FD010,Soft Drink,Beverages,3,600,0,1800,280,840,960,Delivery,Transfer,Lunch,11,4
ORD-00566,46194,CUST-0483,FD004,Beans & Plantain,Traditional Meals,2,2000,0,4000,960,1920,2080,Walk-in,Transfer,Lunch,15,4
ORD-00898,46194,CUST-0273,FD009,Moi Moi,Sides,1,900,0,900,380,380,520,Delivery,Transfer,Breakfast,10,4
ORD-01229,46194,CUST-0019,FD003,Fried Rice & Chicken,Rice Meals,3,3000,0,9000,1580,4740,4260,Delivery,Transfer,Lunch,13,5
ORD-01509,46194,CUST-0302,FD006,Eba & Egusi Soup,Swallow,1,2600,0,2600,1320,1320,1280,Takeaway,Transfer,Breakfast,10,5
ORD-01518,46194,CUST-0304,FD005,Yam Porridge,Traditional Meals,4,2200,0,8800,1050,4200,4600,Takeaway,POS,Dinner,19,5
ORD-01660,46194,CUST-0328,FD001,White Rice & Stew,Rice Meals,2,1800,0,3600,820,1640,1960,Walk-in,Cash,Dinner,16,5
ORD-00364,46195,CUST-0386,FD001,White Rice & Stew,Rice Meals,1,1800,0,1800,820,820,980,Takeaway,POS,Dinner,16,5
ORD-00792,46195,CUST-0199,FD010,Soft Drink,Beverages,4,600,0,2400,280,1120,1280,Walk-in,Cash,Lunch,12,3
ORD-01023,46195,CUST-0584,FD008,Pounded Yam & Vegetable Soup,Swallow,3,3200,0.05,9120,1710,5130,3990,Walk-in,Transfer,Lunch,13,5
ORD-01164,46195,CUST-0617,FD010,Soft Drink,Beverages,4,600,0,2400,280,1120,1280,Delivery,Transfer,Lunch,15,5
ORD-00196,46196,CUST-0463,FD002,Jollof Rice & Chicken,Rice Meals,4,2800,0,11200,1450,5800,5400,Walk-in,Transfer,Lunch,13,4
ORD-00533,46196,CUST-0441,FD001,White Rice & Stew,Rice Meals,2,1800,0,3600,820,1640,1960,Takeaway,Cash,Dinner,18,4
ORD-00577,46196,CUST-0607,FD002,Jollof Rice & Chicken,Rice Meals,2,2800,0,5600,1450,2900,2700,Delivery,POS,Lunch,15,4
ORD-00595,46196,CUST-0104,FD006,Eba & Egusi Soup,Swallow,1,2600,0,2600,1320,1320,1280,Takeaway,POS,Breakfast,8,4
ORD-00693,46196,CUST-0056,FD005,Yam Porridge,Traditional Meals,1,2200,0,2200,1050,1050,1150,Walk-in,Transfer,Breakfast,10,4
ORD-01451,46196,CUST-0420,FD002,Jollof Rice & Chicken,Rice Meals,3,2800,0,8400,1450,4350,4050,Walk-in,POS,Dinner,16,4
ORD-00332,46197,CUST-0213,FD012,Fried Plantain,Sides,2,700,0,1400,300,600,800,Walk-in,Transfer,Lunch,11,4
ORD-00719,46197,CUST-0545,FD002,Jollof Rice & Chicken,Rice Meals,3,2800,0,8400,1450,4350,4050,Takeaway,Transfer,Lunch,13,5
ORD-00845,46197,CUST-0493,FD009,Moi Moi,Sides,1,900,0,900,380,380,520,Delivery,Transfer,Dinner,20,4
ORD-01252,46197,CUST-0210,FD001,White Rice & Stew,Rice Meals,1,1800,0,1800,820,820,980,Delivery,POS,Dinner,18,3
ORD-01257,46197,CUST-0005,FD002,Jollof Rice & Chicken,Rice Meals,2,2800,0,5600,1450,2900,2700,Walk-in,Transfer,Dinner,16,3
ORD-01324,46197,CUST-0377,FD002,Jollof Rice & Chicken,Rice Meals,2,2800,0,5600,1450,2900,2700,Delivery,POS,Lunch,14,5
ORD-01469,46197,CUST-0269,FD003,Fried Rice & Chicken,Rice Meals,2,3000,0,6000,1580,3160,2840,Walk-in,Transfer,Lunch,13,4
ORD-01609,46197,CUST-0312,FD002,Jollof Rice & Chicken,Rice Meals,2,2800,0,5600,1450,2900,2700,Walk-in,Transfer,Breakfast,10,4
ORD-00170,46198,CUST-0021,FD006,Eba & Egusi Soup,Swallow,3,2600,0,7800,1320,3960,3840,Walk-in,POS,Breakfast,9,5
ORD-00318,46198,CUST-0638,FD006,Eba & Egusi Soup,Swallow,3,2600,0,7800,1320,3960,3840,Delivery,POS,Breakfast,8,5
ORD-00656,46198,CUST-0256,FD002,Jollof Rice & Chicken,Rice Meals,2,2800,0,5600,1450,2900,2700,Takeaway,Transfer,Lunch,15,5
ORD-01546,46198,CUST-0525,FD007,Amala & Ewedu,Swallow,4,2500,0,10000,1250,5000,5000,Walk-in,Transfer,Breakfast,9,5
ORD-00681,46199,CUST-0046,FD002,Jollof Rice & Chicken,Rice Meals,2,2800,0,5600,1450,2900,2700,Takeaway,Transfer,Lunch,12,5
ORD-00923,46199,CUST-0268,FD006,Eba & Egusi Soup,Swallow,3,2600,0,7800,1320,3960,3840,Delivery,POS,Dinner,17,5
ORD-00925,46199,CUST-0025,FD004,Beans & Plantain,Traditional Meals,4,2000,0,8000,960,3840,4160,Walk-in,Cash,Lunch,12,5
ORD-01491,46199,CUST-0318,FD004,Beans & Plantain,Traditional Meals,4,2000,0,8000,960,3840,4160,Delivery,POS,Lunch,11,4
ORD-00121,46200,CUST-0256,FD008,Pounded Yam & Vegetable Soup,Swallow,3,3200,0,9600,1710,5130,4470,Walk-in,Cash,Lunch,15,4
ORD-00295,46200,CUST-0393,FD001,White Rice & Stew,Rice Meals,4,1800,0,7200,820,3280,3920,Takeaway,POS,Lunch,15,4
ORD-00481,46200,CUST-0078,FD001,White Rice & Stew,Rice Meals,3,1800,0,5400,820,2460,2940,Delivery,Cash,Dinner,17,4
ORD-00494,46200,CUST-0110,FD003,Fried Rice & Chicken,Rice Meals,2,3000,0,6000,1580,3160,2840,Delivery,Cash,Lunch,14,4
ORD-00790,46200,CUST-0464,FD001,White Rice & Stew,Rice Meals,2,1800,0,3600,820,1640,1960,Takeaway,POS,Lunch,14,4
ORD-00853,46200,CUST-0091,FD001,White Rice & Stew,Rice Meals,3,1800,0,5400,820,2460,2940,Walk-in,POS,Lunch,13,5
ORD-01036,46200,CUST-0453,FD007,Amala & Ewedu,Swallow,4,2500,0,10000,1250,5000,5000,Takeaway,Transfer,Lunch,12,5
ORD-01078,46200,CUST-0227,FD002,Jollof Rice & Chicken,Rice Meals,1,2800,0,2800,1450,1450,1350,Walk-in,Cash,Lunch,11,4
ORD-01318,46200,CUST-0289,FD003,Fried Rice & Chicken,Rice Meals,4,3000,0,12000,1580,6320,5680,Walk-in,Transfer,Breakfast,10,4
ORD-01453,46200,CUST-0077,FD003,Fried Rice & Chicken,Rice Meals,4,3000,0,12000,1580,6320,5680,Takeaway,Transfer,Dinner,18,3
ORD-01120,46201,CUST-0187,FD002,Jollof Rice & Chicken,Rice Meals,4,2800,0,11200,1450,5800,5400,Takeaway,Cash,Dinner,17,5
ORD-00135,46202,CUST-0435,FD003,Fried Rice & Chicken,Rice Meals,4,3000,0,12000,1580,6320,5680,Delivery,Transfer,Lunch,12,4
ORD-00469,46202,CUST-0431,FD004,Beans & Plantain,Traditional Meals,4,2000,0,8000,960,3840,4160,Takeaway,Cash,Lunch,14,4
ORD-00582,46202,CUST-0111,FD006,Eba & Egusi Soup,Swallow,4,2600,0,10400,1320,5280,5120,Walk-in,Transfer,Breakfast,9,5
ORD-00951,46202,CUST-0140,FD001,White Rice & Stew,Rice Meals,3,1800,0,5400,820,2460,2940,Walk-in,POS,Dinner,16,3
ORD-01135,46202,CUST-0129,FD010,Soft Drink,Beverages,4,600,0,2400,280,1120,1280,Walk-in,Cash,Lunch,14,4
ORD-01203,46202,CUST-0438,FD003,Fried Rice & Chicken,Rice Meals,2,3000,0,6000,1580,3160,2840,Walk-in,Transfer,Dinner,16,5
ORD-01425,46202,CUST-0297,FD007,Amala & Ewedu,Swallow,3,2500,0,7500,1250,3750,3750,Walk-in,Transfer,Dinner,18,4
ORD-01439,46202,CUST-0372,FD003,Fried Rice & Chicken,Rice Meals,3,3000,0,9000,1580,4740,4260,Walk-in,Cash,Lunch,12,3
ORD-01502,46202,CUST-0126,FD003,Fried Rice & Chicken,Rice Meals,4,3000,0,12000,1580,6320,5680,Takeaway,Transfer,Dinner,17,4
ORD-00056,46203,CUST-0599,FD009,Moi Moi,Sides,2,900,0,1800,380,760,1040,Walk-in,Transfer,Lunch,14,5
ORD-00123,46203,CUST-0542,FD012,Fried Plantain,Sides,1,700,0,700,300,300,400,Walk-in,Transfer,Lunch,15,5
ORD-00435,46203,CUST-0267,FD008,Pounded Yam & Vegetable Soup,Swallow,2,3200,0,6400,1710,3420,2980,Walk-in,Transfer,Breakfast,9,5
ORD-01029,46203,CUST-0579,FD006,Eba & Egusi Soup,Swallow,2,2600,0,5200,1320,2640,2560,Delivery,POS,Lunch,13,5
ORD-01149,46203,CUST-0445,FD002,Jollof Rice & Chicken,Rice Meals,4,2800,0.05,10640,1450,5800,4840,Walk-in,Cash,Lunch,11,5
ORD-00146,46204,CUST-0148,FD005,Yam Porridge,Traditional Meals,1,2200,0,2200,1050,1050,1150,Walk-in,Transfer,Dinner,17,4
ORD-00176,46204,CUST-0494,FD010,Soft Drink,Beverages,4,600,0,2400,280,1120,1280,Takeaway,Cash,Breakfast,8,5
ORD-00663,46204,CUST-0381,FD001,White Rice & Stew,Rice Meals,1,1800,0,1800,820,820,980,Walk-in,POS,Lunch,13,4
ORD-00988,46204,CUST-0352,FD006,Eba & Egusi Soup,Swallow,1,2600,0,2600,1320,1320,1280,Delivery,POS,Lunch,12,4
ORD-01192,46204,CUST-0167,FD003,Fried Rice & Chicken,Rice Meals,3,3000,0,9000,1580,4740,4260,Takeaway,POS,Lunch,15,4
ORD-01447,46204,CUST-0137,FD009,Moi Moi,Sides,4,900,0,3600,380,1520,2080,Walk-in,Transfer,Lunch,15,4
ORD-00131,46205,CUST-0488,FD001,White Rice & Stew,Rice Meals,2,1800,0,3600,820,1640,1960,Walk-in,Transfer,Dinner,18,4
ORD-00219,46205,CUST-0294,FD005,Yam Porridge,Traditional Meals,3,2200,0,6600,1050,3150,3450,Walk-in,POS,Dinner,20,4
ORD-00561,46205,CUST-0044,FD004,Beans & Plantain,Traditional Meals,3,2000,0,6000,960,2880,3120,Walk-in,Transfer,Lunch,14,5
ORD-00919,46205,CUST-0571,FD007,Amala & Ewedu,Swallow,4,2500,0,10000,1250,5000,5000,Walk-in,Transfer,Breakfast,8,3
ORD-01362,46205,CUST-0635,FD007,Amala & Ewedu,Swallow,1,2500,0,2500,1250,1250,1250,Walk-in,Cash,Breakfast,8,4
ORD-01452,46205,CUST-0642,FD008,Pounded Yam & Vegetable Soup,Swallow,3,3200,0,9600,1710,5130,4470,Takeaway,Transfer,Lunch,12,4
ORD-01473,46205,CUST-0429,FD007,Amala & Ewedu,Swallow,2,2500,0,5000,1250,2500,2500,Walk-in,Cash,Lunch,12,4
ORD-00151,46206,CUST-0615,FD001,White Rice & Stew,Rice Meals,2,1800,0,3600,820,1640,1960,Walk-in,Cash,Lunch,13,4
ORD-00243,46207,CUST-0391,FD001,White Rice & Stew,Rice Meals,1,1800,0,1800,820,820,980,Takeaway,POS,Lunch,12,5
ORD-00544,46207,CUST-0617,FD004,Beans & Plantain,Traditional Meals,1,2000,0,2000,960,960,1040,Delivery,Transfer,Lunch,14,5
ORD-00580,46207,CUST-0425,FD003,Fried Rice & Chicken,Rice Meals,3,3000,0,9000,1580,4740,4260,Walk-in,POS,Lunch,12,4
ORD-00680,46207,CUST-0486,FD002,Jollof Rice & Chicken,Rice Meals,1,2800,0,2800,1450,1450,1350,Walk-in,POS,Dinner,17,
ORD-00736,46207,CUST-0554,FD003,Fried Rice & Chicken,Rice Meals,1,3000,0,3000,1580,1580,1420,Walk-in,POS,Lunch,12,5
ORD-00810,46207,CUST-0218,FD001,White Rice & Stew,Rice Meals,2,1800,0,3600,820,1640,1960,Walk-in,Transfer,Lunch,15,4
ORD-01361,46207,CUST-0181,FD002,Jollof Rice & Chicken,Rice Meals,3,2800,0,8400,1450,4350,4050,Takeaway,Transfer,Lunch,13,5
ORD-01371,46207,CUST-0431,FD002,Jollof Rice & Chicken,Rice Meals,4,2800,0,11200,1450,5800,5400,Takeaway,Transfer,Lunch,14,4
ORD-01578,46207,CUST-0184,FD006,Eba & Egusi Soup,Swallow,3,2600,0,7800,1320,3960,3840,Walk-in,Transfer,Lunch,12,4
ORD-00298,46208,CUST-0391,FD002,Jollof Rice & Chicken,Rice Meals,1,2800,0,2800,1450,1450,1350,Delivery,POS,Lunch,13,4
ORD-00385,46208,CUST-0443,FD001,White Rice & Stew,Rice Meals,1,1800,0,1800,820,820,980,Walk-in,POS,Lunch,11,4
ORD-00573,46208,CUST-0629,FD002,Jollof Rice & Chicken,Rice Meals,2,2800,0,5600,1450,2900,2700,Walk-in,Transfer,Lunch,13,4
ORD-00668,46208,CUST-0225,FD010,Soft Drink,Beverages,1,600,0,600,280,280,320,Walk-in,Transfer,Lunch,13,4
ORD-00778,46208,CUST-0176,FD007,Amala & Ewedu,Swallow,1,2500,0,2500,1250,1250,1250,Takeaway,Cash,Dinner,18,
ORD-00850,46208,CUST-0199,FD003,Fried Rice & Chicken,Rice Meals,3,3000,0,9000,1580,4740,4260,Walk-in,POS,Breakfast,9,4
ORD-01416,46208,CUST-0383,FD004,Beans & Plantain,Traditional Meals,3,2000,0.05,5700,960,2880,2820,Walk-in,POS,Lunch,13,4
ORD-00084,46209,CUST-0229,FD006,Eba & Egusi Soup,Swallow,3,2600,0,7800,1320,3960,3840,Walk-in,Transfer,Dinner,16,5
ORD-00149,46209,CUST-0092,FD004,Beans & Plantain,Traditional Meals,1,2000,0,2000,960,960,1040,Walk-in,Cash,Dinner,17,4
ORD-00271,46209,CUST-0588,FD009,Moi Moi,Sides,3,900,0,2700,380,1140,1560,Delivery,Transfer,Lunch,11,5
ORD-00902,46209,CUST-0055,FD002,Jollof Rice & Chicken,Rice Meals,2,2800,0.1,5040,1450,2900,2140,Takeaway,Cash,Lunch,11,4
ORD-00625,46210,CUST-0099,FD001,White Rice & Stew,Rice Meals,1,1800,0,1800,820,820,980,Walk-in,POS,Lunch,12,5
ORD-00658,46210,CUST-0073,FD002,Jollof Rice & Chicken,Rice Meals,3,2800,0,8400,1450,4350,4050,Walk-in,POS,Dinner,19,
ORD-00750,46210,CUST-0407,FD007,Amala & Ewedu,Swallow,3,2500,0,7500,1250,3750,3750,Walk-in,Transfer,Lunch,15,5
ORD-00975,46210,CUST-0126,FD001,White Rice & Stew,Rice Meals,1,1800,0,1800,820,820,980,Walk-in,Transfer,Lunch,11,5
ORD-01156,46210,CUST-0047,FD002,Jollof Rice & Chicken,Rice Meals,3,2800,0,8400,1450,4350,4050,Takeaway,Cash,Lunch,15,4
ORD-01262,46210,CUST-0039,FD010,Soft Drink,Beverages,4,600,0,2400,280,1120,1280,Walk-in,POS,Dinner,16,3
ORD-00220,46211,CUST-0528,FD001,White Rice & Stew,Rice Meals,4,1800,0,7200,820,3280,3920,Walk-in,POS,Dinner,20,4
ORD-00447,46211,CUST-0115,FD002,Jollof Rice & Chicken,Rice Meals,3,2800,0.1,7560,1450,4350,3210,Walk-in,POS,Lunch,14,3
ORD-00862,46211,CUST-0042,FD001,White Rice & Stew,Rice Meals,4,1800,0,7200,820,3280,3920,Walk-in,Transfer,Dinner,18,5
ORD-00966,46211,CUST-0190,FD006,Eba & Egusi Soup,Swallow,1,2600,0,2600,1320,1320,1280,Walk-in,Cash,Lunch,12,5
ORD-01275,46211,CUST-0571,FD003,Fried Rice & Chicken,Rice Meals,3,3000,0,9000,1580,4740,4260,Delivery,Transfer,Dinner,18,5
ORD-01413,46211,CUST-0041,FD005,Yam Porridge,Traditional Meals,2,2200,0,4400,1050,2100,2300,Walk-in,POS,Lunch,11,5
ORD-00352,46212,CUST-0153,FD001,White Rice & Stew,Rice Meals,3,1800,0,5400,820,2460,2940,Delivery,Transfer,Lunch,13,5
ORD-00527,46212,CUST-0377,FD002,Jollof Rice & Chicken,Rice Meals,4,2800,0,11200,1450,5800,5400,Delivery,POS,Dinner,20,3
ORD-00619,46212,CUST-0373,FD002,Jollof Rice & Chicken,Rice Meals,4,2800,0,11200,1450,5800,5400,Walk-in,Cash,Lunch,14,4
ORD-00670,46212,CUST-0187,FD010,Soft Drink,Beverages,1,600,0,600,280,280,320,Walk-in,Transfer,Lunch,14,5
ORD-00758,46212,CUST-0181,FD008,Pounded Yam & Vegetable Soup,Swallow,3,3200,0,9600,1710,5130,4470,Walk-in,POS,Dinner,16,3
ORD-01774,46212,CUST-0231,FD002,Jollof Rice & Chicken,Rice Meals,2,2800,0,5600,1450,2900,2700,Walk-in,Cash,Lunch,11,5
ORD-01786,46212,CUST-0279,FD004,Beans & Plantain,Traditional Meals,4,2000,0,8000,960,3840,4160,Walk-in,Cash,Breakfast,10,4
ORD-00137,46213,CUST-0326,FD006,Eba & Egusi Soup,Swallow,4,2600,0,10400,1320,5280,5120,Takeaway,Cash,Lunch,15,5
ORD-00389,46213,CUST-0312,FD006,Eba & Egusi Soup,Swallow,2,2600,0,5200,1320,2640,2560,Walk-in,Cash,Lunch,14,3
ORD-01460,46213,CUST-0527,FD010,Soft Drink,Beverages,2,600,0,1200,280,560,640,Walk-in,Cash,Lunch,15,3
ORD-00171,46214,CUST-0331,FD001,White Rice & Stew,Rice Meals,4,1800,0,7200,820,3280,3920,Walk-in,Transfer,Dinner,18,5
ORD-00507,46214,CUST-0042,FD004,Beans & Plantain,Traditional Meals,4,2000,0,8000,960,3840,4160,Delivery,POS,Lunch,15,
ORD-00811,46214,CUST-0159,FD008,Pounded Yam & Vegetable Soup,Swallow,2,3200,0,6400,1710,3420,2980,Takeaway,Transfer,Lunch,12,4
ORD-00856,46214,CUST-0109,FD005,Yam Porridge,Traditional Meals,4,2200,0,8800,1050,4200,4600,Takeaway,Transfer,Lunch,14,4
ORD-01049,46214,CUST-0139,FD002,Jollof Rice & Chicken,Rice Meals,2,2800,0,5600,1450,2900,2700,Walk-in,Cash,Dinner,19,4
ORD-01087,46214,CUST-0439,FD005,Yam Porridge,Traditional Meals,1,2200,0,2200,1050,1050,1150,Walk-in,POS,Breakfast,8,4
ORD-01089,46214,CUST-0434,FD004,Beans & Plantain,Traditional Meals,3,2000,0,6000,960,2880,3120,Walk-in,Transfer,Breakfast,8,5
ORD-01728,46214,CUST-0196,FD001,White Rice & Stew,Rice Meals,3,1800,0,5400,820,2460,2940,Walk-in,Transfer,Lunch,13,3
ORD-00277,46215,CUST-0528,FD007,Amala & Ewedu,Swallow,1,2500,0,2500,1250,1250,1250,Takeaway,POS,Breakfast,10,3
ORD-00504,46215,CUST-0470,FD002,Jollof Rice & Chicken,Rice Meals,4,2800,0,11200,1450,5800,5400,Takeaway,Transfer,Lunch,15,5
ORD-00569,46215,CUST-0600,FD010,Soft Drink,Beverages,4,600,0,2400,280,1120,1280,Takeaway,Transfer,Lunch,12,4
ORD-01761,46215,CUST-0542,FD002,Jollof Rice & Chicken,Rice Meals,1,2800,0,2800,1450,1450,1350,Takeaway,Transfer,Dinner,18,3
ORD-01767,46215,CUST-0092,FD001,White Rice & Stew,Rice Meals,3,1800,0,5400,820,2460,2940,Walk-in,Transfer,Lunch,12,4
ORD-00002,46216,CUST-0019,FD001,White Rice & Stew,Rice Meals,1,1800,0,1800,820,820,980,Walk-in,POS,Lunch,13,4
ORD-00050,46216,CUST-0490,FD006,Eba & Egusi Soup,Swallow,2,2600,0,5200,1320,2640,2560,Walk-in,POS,Lunch,12,4
ORD-00259,46216,CUST-0144,FD010,Soft Drink,Beverages,4,600,0,2400,280,1120,1280,Walk-in,POS,Lunch,11,3
ORD-00337,46216,CUST-0039,FD002,Jollof Rice & Chicken,Rice Meals,4,2800,0,11200,1450,5800,5400,Takeaway,Transfer,Lunch,12,4
ORD-00461,46216,CUST-0534,FD003,Fried Rice & Chicken,Rice Meals,3,3000,0,9000,1580,4740,4260,Walk-in,POS,Lunch,14,5
ORD-00673,46216,CUST-0001,FD006,Eba & Egusi Soup,Swallow,2,2600,0,5200,1320,2640,2560,Takeaway,POS,Breakfast,8,5
ORD-00787,46216,CUST-0157,FD005,Yam Porridge,Traditional Meals,4,2200,0,8800,1050,4200,4600,Walk-in,POS,Breakfast,8,5
ORD-00933,46216,CUST-0506,FD003,Fried Rice & Chicken,Rice Meals,2,3000,0,6000,1580,3160,2840,Walk-in,POS,Dinner,20,5
ORD-01347,46216,CUST-0538,FD012,Fried Plantain,Sides,4,700,0,2800,300,1200,1600,Takeaway,Cash,Breakfast,10,3
ORD-01478,46216,CUST-0075,FD003,Fried Rice & Chicken,Rice Meals,3,3000,0.1,8100,1580,4740,3360,Takeaway,Cash,Lunch,14,3
ORD-01563,46216,CUST-0286,FD005,Yam Porridge,Traditional Meals,2,2200,0,4400,1050,2100,2300,Walk-in,Transfer,Breakfast,8,5
ORD-01798,46216,CUST-0188,FD006,Eba & Egusi Soup,Swallow,4,2600,0,10400,1320,5280,5120,Walk-in,Transfer,Dinner,20,4
ORD-00718,46217,CUST-0562,FD006,Eba & Egusi Soup,Swallow,4,2600,0,10400,1320,5280,5120,Walk-in,Cash,Lunch,13,5
ORD-01616,46217,CUST-0183,FD005,Yam Porridge,Traditional Meals,1,2200,0,2200,1050,1050,1150,Walk-in,POS,Lunch,15,3
ORD-00855,46218,CUST-0079,FD008,Pounded Yam & Vegetable Soup,Swallow,3,3200,0.05,9120,1710,5130,3990,Walk-in,Transfer,Breakfast,10,4
ORD-01207,46218,CUST-0525,FD008,Pounded Yam & Vegetable Soup,Swallow,1,3200,0,3200,1710,1710,1490,Delivery,Cash,Lunch,15,3
ORD-01295,46218,CUST-0095,FD001,White Rice & Stew,Rice Meals,1,1800,0,1800,820,820,980,Walk-in,Cash,Lunch,13,5
ORD-01474,46218,CUST-0337,FD004,Beans & Plantain,Traditional Meals,2,2000,0,4000,960,1920,2080,Delivery,Cash,Dinner,19,5
ORD-01597,46218,CUST-0166,FD001,White Rice & Stew,Rice Meals,4,1800,0,7200,820,3280,3920,Walk-in,POS,Dinner,17,4
ORD-00216,46219,CUST-0580,FD008,Pounded Yam & Vegetable Soup,Swallow,4,3200,0,12800,1710,6840,5960,Takeaway,Transfer,Lunch,11,4
ORD-00258,46219,CUST-0334,FD006,Eba & Egusi Soup,Swallow,4,2600,0,10400,1320,5280,5120,Walk-in,POS,Lunch,11,
ORD-01057,46219,CUST-0286,FD005,Yam Porridge,Traditional Meals,4,2200,0,8800,1050,4200,4600,Delivery,Transfer,Breakfast,9,5
ORD-01570,46219,CUST-0081,FD001,White Rice & Stew,Rice Meals,4,1800,0,7200,820,3280,3920,Walk-in,Cash,Lunch,15,5
ORD-00110,46220,CUST-0236,FD005,Yam Porridge,Traditional Meals,1,2200,0,2200,1050,1050,1150,Delivery,POS,Lunch,11,3
ORD-00406,46220,CUST-0419,FD002,Jollof Rice & Chicken,Rice Meals,4,2800,0,11200,1450,5800,5400,Takeaway,POS,Lunch,15,4
ORD-00686,46220,CUST-0628,FD005,Yam Porridge,Traditional Meals,1,2200,0,2200,1050,1050,1150,Walk-in,Cash,Breakfast,8,4
ORD-00936,46220,CUST-0015,FD002,Jollof Rice & Chicken,Rice Meals,1,2800,0,2800,1450,1450,1350,Delivery,Cash,Lunch,11,5
ORD-01093,46220,CUST-0138,FD002,Jollof Rice & Chicken,Rice Meals,3,2800,0,8400,1450,4350,4050,Takeaway,Transfer,Dinner,20,4
ORD-01401,46220,CUST-0183,FD008,Pounded Yam & Vegetable Soup,Swallow,3,3200,0,9600,1710,5130,4470,Delivery,POS,Lunch,12,5
ORD-01403,46220,CUST-0498,FD001,White Rice & Stew,Rice Meals,2,1800,0,3600,820,1640,1960,Walk-in,Cash,Lunch,12,3
ORD-01645,46220,CUST-0426,FD005,Yam Porridge,Traditional Meals,3,2200,0,6600,1050,3150,3450,Walk-in,Transfer,Lunch,15,3
ORD-01771,46220,CUST-0055,FD010,Soft Drink,Beverages,2,600,0.05,1140,280,560,580,Delivery,Transfer,Lunch,15,3
ORD-00184,46221,CUST-0563,FD008,Pounded Yam & Vegetable Soup,Swallow,3,3200,0,9600,1710,5130,4470,Delivery,Transfer,Lunch,11,5
ORD-00345,46221,CUST-0404,FD001,White Rice & Stew,Rice Meals,2,1800,0,3600,820,1640,1960,Walk-in,Transfer,Breakfast,10,3
ORD-00440,46221,CUST-0141,FD003,Fried Rice & Chicken,Rice Meals,4,3000,0,12000,1580,6320,5680,Takeaway,Cash,Lunch,14,5
ORD-00489,46221,CUST-0509,FD002,Jollof Rice & Chicken,Rice Meals,4,2800,0,11200,1450,5800,5400,Walk-in,Cash,Lunch,13,4
ORD-00886,46221,CUST-0538,FD002,Jollof Rice & Chicken,Rice Meals,3,2800,0.05,7980,1450,4350,3630,Walk-in,Transfer,Lunch,11,4
ORD-01538,46221,CUST-0241,FD001,White Rice & Stew,Rice Meals,2,1800,0,3600,820,1640,1960,Walk-in,Cash,Lunch,12,4
ORD-00340,46222,CUST-0176,FD002,Jollof Rice & Chicken,Rice Meals,1,2800,0,2800,1450,1450,1350,Takeaway,Transfer,Dinner,17,5
ORD-00630,46222,CUST-0478,FD006,Eba & Egusi Soup,Swallow,3,2600,0,7800,1320,3960,3840,Walk-in,Transfer,Dinner,18,4
ORD-01153,46222,CUST-0319,FD005,Yam Porridge,Traditional Meals,1,2200,0.1,1980,1050,1050,930,Walk-in,POS,Lunch,14,
ORD-00035,46223,CUST-0023,FD007,Amala & Ewedu,Swallow,2,2500,0,5000,1250,2500,2500,Walk-in,POS,Lunch,11,5
ORD-00179,46223,CUST-0485,FD004,Beans & Plantain,Traditional Meals,3,2000,0,6000,960,2880,3120,Walk-in,Cash,Dinner,16,5
ORD-00519,46223,CUST-0041,FD001,White Rice & Stew,Rice Meals,4,1800,0,7200,820,3280,3920,Takeaway,Cash,Lunch,13,3
ORD-00734,46223,CUST-0281,FD006,Eba & Egusi Soup,Swallow,1,2600,0,2600,1320,1320,1280,Walk-in,Cash,Lunch,15,
ORD-00795,46223,CUST-0286,FD006,Eba & Egusi Soup,Swallow,1,2600,0,2600,1320,1320,1280,Walk-in,Cash,Dinner,20,3
ORD-01066,46223,CUST-0100,FD006,Eba & Egusi Soup,Swallow,1,2600,0,2600,1320,1320,1280,Walk-in,Cash,Lunch,12,4
ORD-01189,46223,CUST-0242,FD003,Fried Rice & Chicken,Rice Meals,4,3000,0,12000,1580,6320,5680,Delivery,Cash,Lunch,12,5
ORD-01279,46223,CUST-0441,FD002,Jollof Rice & Chicken,Rice Meals,1,2800,0.05,2660,1450,1450,1210,Walk-in,Transfer,Dinner,17,5
ORD-01302,46223,CUST-0087,FD003,Fried Rice & Chicken,Rice Meals,2,3000,0,6000,1580,3160,2840,Takeaway,Transfer,Lunch,15,5
ORD-01354,46223,CUST-0551,FD009,Moi Moi,Sides,2,900,0,1800,380,760,1040,Walk-in,Transfer,Breakfast,8,4
ORD-01438,46223,CUST-0335,FD005,Yam Porridge,Traditional Meals,2,2200,0,4400,1050,2100,2300,Takeaway,Cash,Dinner,17,4
ORD-01562,46223,CUST-0476,FD003,Fried Rice & Chicken,Rice Meals,4,3000,0,12000,1580,6320,5680,Takeaway,POS,Breakfast,10,4
ORD-00083,46224,CUST-0557,FD003,Fried Rice & Chicken,Rice Meals,1,3000,0,3000,1580,1580,1420,Walk-in,Transfer,Lunch,15,5
ORD-00181,46224,CUST-0129,FD002,Jollof Rice & Chicken,Rice Meals,4,2800,0,11200,1450,5800,5400,Walk-in,POS,Dinner,20,5
ORD-00312,46224,CUST-0495,FD001,White Rice & Stew,Rice Meals,2,1800,0,3600,820,1640,1960,Walk-in,Cash,Dinner,17,5
ORD-00317,46224,CUST-0378,FD002,Jollof Rice & Chicken,Rice Meals,2,2800,0,5600,1450,2900,2700,Delivery,Cash,Breakfast,9,4
ORD-00476,46224,CUST-0305,FD003,Fried Rice & Chicken,Rice Meals,2,3000,0,6000,1580,3160,2840,Takeaway,POS,Breakfast,8,5
ORD-00606,46224,CUST-0238,FD009,Moi Moi,Sides,1,900,0,900,380,380,520,Delivery,Cash,Lunch,13,4
ORD-00649,46224,CUST-0155,FD008,Pounded Yam & Vegetable Soup,Swallow,4,3200,0,12800,1710,6840,5960,Takeaway,POS,Lunch,14,5
ORD-01301,46224,CUST-0419,FD006,Eba & Egusi Soup,Swallow,4,2600,0,10400,1320,5280,5120,Takeaway,Cash,Lunch,13,5
ORD-01466,46224,CUST-0266,FD004,Beans & Plantain,Traditional Meals,3,2000,0,6000,960,2880,3120,Walk-in,Cash,Lunch,11,4
ORD-01620,46224,CUST-0394,FD008,Pounded Yam & Vegetable Soup,Swallow,1,3200,0,3200,1710,1710,1490,Takeaway,Cash,Breakfast,8,4
ORD-01653,46224,CUST-0599,FD003,Fried Rice & Chicken,Rice Meals,1,3000,0,3000,1580,1580,1420,Takeaway,POS,Lunch,15,5
ORD-00165,46225,CUST-0575,FD001,White Rice & Stew,Rice Meals,2,1800,0,3600,820,1640,1960,Delivery,Transfer,Lunch,14,4
ORD-00186,46225,CUST-0370,FD005,Yam Porridge,Traditional Meals,3,2200,0,6600,1050,3150,3450,Takeaway,Transfer,Breakfast,10,5
ORD-00256,46225,CUST-0004,FD003,Fried Rice & Chicken,Rice Meals,3,3000,0.1,8100,1580,4740,3360,Walk-in,Cash,Lunch,15,5
ORD-00444,46225,CUST-0624,FD006,Eba & Egusi Soup,Swallow,1,2600,0,2600,1320,1320,1280,Delivery,Transfer,Lunch,15,5
ORD-00516,46225,CUST-0133,FD002,Jollof Rice & Chicken,Rice Meals,2,2800,0,5600,1450,2900,2700,Walk-in,POS,Dinner,17,5
ORD-00559,46225,CUST-0317,FD007,Amala & Ewedu,Swallow,2,2500,0,5000,1250,2500,2500,Takeaway,Cash,Lunch,15,4
ORD-00570,46225,CUST-0149,FD004,Beans & Plantain,Traditional Meals,4,2000,0,8000,960,3840,4160,Delivery,POS,Lunch,11,5
ORD-00752,46225,CUST-0560,FD007,Amala & Ewedu,Swallow,3,2500,0,7500,1250,3750,3750,Takeaway,Cash,Dinner,16,5
ORD-00891,46225,CUST-0009,FD008,Pounded Yam & Vegetable Soup,Swallow,2,3200,0,6400,1710,3420,2980,Walk-in,POS,Dinner,20,4
ORD-00914,46225,CUST-0122,FD005,Yam Porridge,Traditional Meals,2,2200,0,4400,1050,2100,2300,Walk-in,Cash,Lunch,14,5
ORD-01211,46225,CUST-0173,FD003,Fried Rice & Chicken,Rice Meals,3,3000,0,9000,1580,4740,4260,Walk-in,POS,Lunch,13,5
ORD-01304,46225,CUST-0314,FD002,Jollof Rice & Chicken,Rice Meals,2,2800,0,5600,1450,2900,2700,Delivery,Transfer,Dinner,18,4
ORD-01388,46225,CUST-0002,FD008,Pounded Yam & Vegetable Soup,Swallow,2,3200,0,6400,1710,3420,2980,Walk-in,Transfer,Lunch,11,4
ORD-01596,46225,CUST-0249,FD003,Fried Rice & Chicken,Rice Meals,4,3000,0,12000,1580,6320,5680,Takeaway,POS,Lunch,13,4
ORD-01676,46225,CUST-0324,FD001,White Rice & Stew,Rice Meals,2,1800,0,3600,820,1640,1960,Takeaway,Cash,Breakfast,10,4
ORD-01711,46225,CUST-0387,FD006,Eba & Egusi Soup,Swallow,4,2600,0,10400,1320,5280,5120,Walk-in,Transfer,Lunch,12,5
ORD-00081,46226,CUST-0418,FD003,Fried Rice & Chicken,Rice Meals,4,3000,0.05,11400,1580,6320,5080,Walk-in,POS,Lunch,12,5
ORD-00129,46226,CUST-0265,FD006,Eba & Egusi Soup,Swallow,2,2600,0,5200,1320,2640,2560,Takeaway,Cash,Lunch,15,4
ORD-00391,46226,CUST-0088,FD004,Beans & Plantain,Traditional Meals,1,2000,0.1,1800,960,960,840,Delivery,Transfer,Lunch,15,5
ORD-00554,46226,CUST-0455,FD007,Amala & Ewedu,Swallow,2,2500,0,5000,1250,2500,2500,Walk-in,Transfer,Breakfast,10,4
ORD-00677,46226,CUST-0252,FD003,Fried Rice & Chicken,Rice Meals,3,3000,0,9000,1580,4740,4260,Takeaway,POS,Dinner,18,5
ORD-01738,46226,CUST-0096,FD001,White Rice & Stew,Rice Meals,4,1800,0,7200,820,3280,3920,Takeaway,Cash,Breakfast,8,5
ORD-00147,46227,CUST-0410,FD002,Jollof Rice & Chicken,Rice Meals,1,2800,0,2800,1450,1450,1350,Delivery,Cash,Dinner,18,5
ORD-00393,46227,CUST-0415,FD002,Jollof Rice & Chicken,Rice Meals,2,2800,0.1,5040,1450,2900,2140,Takeaway,Transfer,Lunch,13,4
ORD-00446,46227,CUST-0080,FD006,Eba & Egusi Soup,Swallow,4,2600,0,10400,1320,5280,5120,Takeaway,Cash,Dinner,17,4
ORD-00760,46227,CUST-0643,FD010,Soft Drink,Beverages,3,600,0,1800,280,840,960,Delivery,POS,Dinner,17,4
ORD-00201,46228,CUST-0527,FD001,White Rice & Stew,Rice Meals,3,1800,0,5400,820,2460,2940,Delivery,Transfer,Lunch,11,3
ORD-00245,46228,CUST-0232,FD011,Bottled Water,Beverages,4,300,0,1200,120,480,720,Walk-in,Transfer,Lunch,13,4
ORD-00689,46228,CUST-0041,FD007,Amala & Ewedu,Swallow,2,2500,0,5000,1250,2500,2500,Delivery,Transfer,Dinner,17,4
ORD-00843,46228,CUST-0031,FD010,Soft Drink,Beverages,2,600,0,1200,280,560,640,Walk-in,Transfer,Dinner,19,4
ORD-00880,46228,CUST-0028,FD003,Fried Rice & Chicken,Rice Meals,3,3000,0,9000,1580,4740,4260,Walk-in,Cash,Dinner,20,4
ORD-01170,46228,CUST-0240,FD008,Pounded Yam & Vegetable Soup,Swallow,1,3200,0.05,3040,1710,1710,1330,Walk-in,Cash,Breakfast,9,4
ORD-01582,46228,CUST-0620,FD002,Jollof Rice & Chicken,Rice Meals,1,2800,0,2800,1450,1450,1350,Takeaway,Transfer,Breakfast,10,4
ORD-01607,46228,CUST-0025,FD009,Moi Moi,Sides,2,900,0,1800,380,760,1040,Walk-in,POS,Lunch,15,3
ORD-01701,46228,CUST-0224,FD002,Jollof Rice & Chicken,Rice Meals,4,2800,0,11200,1450,5800,5400,Walk-in,POS,Lunch,14,3
ORD-00188,46229,CUST-0334,FD001,White Rice & Stew,Rice Meals,3,1800,0,5400,820,2460,2940,Walk-in,Transfer,Lunch,15,5
ORD-01068,46229,CUST-0626,FD010,Soft Drink,Beverages,3,600,0,1800,280,840,960,Takeaway,Cash,Breakfast,9,3
ORD-00217,46230,CUST-0583,FD001,White Rice & Stew,Rice Meals,2,1800,0,3600,820,1640,1960,Walk-in,Cash,Dinner,16,5
ORD-00498,46230,CUST-0232,FD005,Yam Porridge,Traditional Meals,1,2200,0,2200,1050,1050,1150,Walk-in,Cash,Dinner,20,3
ORD-00501,46230,CUST-0467,FD001,White Rice & Stew,Rice Meals,1,1800,0,1800,820,820,980,Walk-in,Cash,Lunch,13,3
ORD-00836,46230,CUST-0436,FD001,White Rice & Stew,Rice Meals,1,1800,0,1800,820,820,980,Walk-in,POS,Lunch,15,4
ORD-01104,46230,CUST-0173,FD006,Eba & Egusi Soup,Swallow,3,2600,0,7800,1320,3960,3840,Walk-in,POS,Breakfast,8,4
ORD-01268,46230,CUST-0207,FD002,Jollof Rice & Chicken,Rice Meals,1,2800,0.1,2520,1450,1450,1070,Walk-in,Transfer,Lunch,13,5
ORD-01331,46230,CUST-0026,FD011,Bottled Water,Beverages,2,300,0,600,120,240,360,Takeaway,POS,Dinner,17,4
ORD-01777,46230,CUST-0409,FD010,Soft Drink,Beverages,4,600,0,2400,280,1120,1280,Walk-in,POS,Dinner,17,4
ORD-00130,46231,CUST-0112,FD003,Fried Rice & Chicken,Rice Meals,2,3000,0,6000,1580,3160,2840,Takeaway,POS,Dinner,19,4
ORD-00272,46231,CUST-0471,FD007,Amala & Ewedu,Swallow,1,2500,0,2500,1250,1250,1250,Delivery,Transfer,Lunch,14,4
ORD-00846,46231,CUST-0368,FD003,Fried Rice & Chicken,Rice Meals,3,3000,0,9000,1580,4740,4260,Walk-in,Transfer,Lunch,15,5
ORD-01197,46231,CUST-0061,FD008,Pounded Yam & Vegetable Soup,Swallow,1,3200,0,3200,1710,1710,1490,Walk-in,Cash,Lunch,14,5
ORD-01241,46231,CUST-0017,FD006,Eba & Egusi Soup,Swallow,1,2600,0.1,2340,1320,1320,1020,Walk-in,POS,Lunch,14,5
ORD-01626,46231,CUST-0090,FD006,Eba & Egusi Soup,Swallow,4,2600,0,10400,1320,5280,5120,Walk-in,Transfer,Dinner,17,5
ORD-01688,46231,CUST-0373,FD003,Fried Rice & Chicken,Rice Meals,1,3000,0,3000,1580,1580,1420,Takeaway,Transfer,Lunch,13,4
ORD-00456,46232,CUST-0337,FD004,Beans & Plantain,Traditional Meals,3,2000,0,6000,960,2880,3120,Takeaway,Cash,Lunch,15,
ORD-00957,46232,CUST-0130,FD002,Jollof Rice & Chicken,Rice Meals,2,2800,0,5600,1450,2900,2700,Walk-in,POS,Dinner,18,3
ORD-01055,46232,CUST-0622,FD003,Fried Rice & Chicken,Rice Meals,4,3000,0.05,11400,1580,6320,5080,Walk-in,POS,Lunch,11,5
ORD-01208,46232,CUST-0471,FD002,Jollof Rice & Chicken,Rice Meals,4,2800,0.1,10080,1450,5800,4280,Walk-in,Transfer,Dinner,19,5
ORD-01463,46232,CUST-0403,FD007,Amala & Ewedu,Swallow,4,2500,0,10000,1250,5000,5000,Walk-in,Cash,Lunch,14,5
ORD-01644,46232,CUST-0278,FD007,Amala & Ewedu,Swallow,1,2500,0.05,2375,1250,1250,1125,Delivery,Transfer,Lunch,11,5
ORD-01792,46232,CUST-0533,FD009,Moi Moi,Sides,4,900,0,3600,380,1520,2080,Walk-in,Transfer,Lunch,14,4
ORD-01797,46232,CUST-0327,FD008,Pounded Yam & Vegetable Soup,Swallow,1,3200,0,3200,1710,1710,1490,Walk-in,Transfer,Lunch,12,
ORD-00025,46233,CUST-0589,FD005,Yam Porridge,Traditional Meals,3,2200,0,6600,1050,3150,3450,Walk-in,Transfer,Lunch,14,4
ORD-00325,46233,CUST-0170,FD003,Fried Rice & Chicken,Rice Meals,1,3000,0.05,2850,1580,1580,1270,Takeaway,POS,Lunch,11,3
ORD-00365,46233,CUST-0122,FD002,Jollof Rice & Chicken,Rice Meals,3,2800,0,8400,1450,4350,4050,Takeaway,Cash,Lunch,11,5
ORD-00655,46233,CUST-0056,FD002,Jollof Rice & Chicken,Rice Meals,3,2800,0,8400,1450,4350,4050,Walk-in,POS,Dinner,19,4
ORD-00725,46233,CUST-0542,FD001,White Rice & Stew,Rice Meals,1,1800,0,1800,820,820,980,Delivery,Cash,Dinner,19,5
ORD-00824,46233,CUST-0557,FD002,Jollof Rice & Chicken,Rice Meals,1,2800,0,2800,1450,1450,1350,Takeaway,Transfer,Lunch,11,5
ORD-01530,46233,CUST-0094,FD003,Fried Rice & Chicken,Rice Meals,2,3000,0,6000,1580,3160,2840,Takeaway,Transfer,Breakfast,8,5
ORD-01659,46233,CUST-0122,FD003,Fried Rice & Chicken,Rice Meals,3,3000,0,9000,1580,4740,4260,Takeaway,Transfer,Lunch,14,5
ORD-01781,46233,CUST-0409,FD008,Pounded Yam & Vegetable Soup,Swallow,4,3200,0,12800,1710,6840,5960,Delivery,POS,Breakfast,9,5
ORD-00777,46234,CUST-0549,FD007,Amala & Ewedu,Swallow,3,2500,0,7500,1250,3750,3750,Walk-in,Transfer,Lunch,11,5
ORD-01224,46234,CUST-0535,FD002,Jollof Rice & Chicken,Rice Meals,1,2800,0,2800,1450,1450,1350,Walk-in,Cash,Lunch,13,4
ORD-01264,46234,CUST-0592,FD008,Pounded Yam & Vegetable Soup,Swallow,4,3200,0.05,12160,1710,6840,5320,Walk-in,POS,Dinner,19,5
ORD-01471,46234,CUST-0090,FD010,Soft Drink,Beverages,2,600,0,1200,280,560,640,Walk-in,POS,Lunch,11,5
ORD-01748,46234,CUST-0646,FD002,Jollof Rice & Chicken,Rice Meals,3,2800,0,8400,1450,4350,4050,Delivery,Transfer,Dinner,19,4
ORD-00038,46235,CUST-0487,FD001,White Rice & Stew,Rice Meals,1,1800,0,1800,820,820,980,Walk-in,Transfer,Dinner,18,5
ORD-00072,46235,CUST-0548,FD001,White Rice & Stew,Rice Meals,3,1800,0.05,5130,820,2460,2670,Walk-in,Transfer,Lunch,11,4
ORD-00960,46235,CUST-0332,FD008,Pounded Yam & Vegetable Soup,Swallow,2,3200,0,6400,1710,3420,2980,Walk-in,POS,Dinner,16,5
ORD-01185,46235,CUST-0430,FD001,White Rice & Stew,Rice Meals,4,1800,0,7200,820,3280,3920,Walk-in,Transfer,Lunch,14,5
ORD-01406,46235,CUST-0596,FD001,White Rice & Stew,Rice Meals,1,1800,0,1800,820,820,980,Walk-in,Transfer,Lunch,11,
ORD-01470,46235,CUST-0212,FD002,Jollof Rice & Chicken,Rice Meals,4,2800,0,11200,1450,5800,5400,Walk-in,Cash,Breakfast,9,3
ORD-01736,46235,CUST-0158,FD001,White Rice & Stew,Rice Meals,3,1800,0,5400,820,2460,2940,Walk-in,Cash,Lunch,14,5
ORD-00427,46236,CUST-0217,FD002,Jollof Rice & Chicken,Rice Meals,1,2800,0.05,2660,1450,1450,1210,Walk-in,Transfer,Dinner,18,5
ORD-01071,46236,CUST-0562,FD002,Jollof Rice & Chicken,Rice Meals,2,2800,0,5600,1450,2900,2700,Walk-in,Transfer,Breakfast,10,5
ORD-01293,46236,CUST-0011,FD003,Fried Rice & Chicken,Rice Meals,2,3000,0,6000,1580,3160,2840,Takeaway,Transfer,Lunch,12,4
ORD-01321,46236,CUST-0068,FD001,White Rice & Stew,Rice Meals,2,1800,0,3600,820,1640,1960,Walk-in,Cash,Lunch,14,5
ORD-01556,46236,CUST-0315,FD002,Jollof Rice & Chicken,Rice Meals,4,2800,0,11200,1450,5800,5400,Walk-in,POS,Lunch,15,3
ORD-01751,46236,CUST-0050,FD001,White Rice & Stew,Rice Meals,2,1800,0,3600,820,1640,1960,Takeaway,Cash,Lunch,12,5
ORD-00088,46237,CUST-0114,FD006,Eba & Egusi Soup,Swallow,4,2600,0,10400,1320,5280,5120,Walk-in,POS,Lunch,11,3
ORD-00307,46237,CUST-0134,FD005,Yam Porridge,Traditional Meals,3,2200,0,6600,1050,3150,3450,Walk-in,Cash,Lunch,11,4
ORD-00459,46237,CUST-0608,FD001,White Rice & Stew,Rice Meals,1,1800,0.05,1710,820,820,890,Takeaway,Transfer,Breakfast,9,5
ORD-00644,46237,CUST-0060,FD003,Fried Rice & Chicken,Rice Meals,4,3000,0,12000,1580,6320,5680,Walk-in,POS,Lunch,15,5
ORD-00685,46237,CUST-0253,FD003,Fried Rice & Chicken,Rice Meals,3,3000,0,9000,1580,4740,4260,Delivery,Transfer,Breakfast,8,4
ORD-00881,46237,CUST-0175,FD004,Beans & Plantain,Traditional Meals,2,2000,0,4000,960,1920,2080,Delivery,Transfer,Dinner,17,5
ORD-00945,46237,CUST-0464,FD006,Eba & Egusi Soup,Swallow,4,2600,0,10400,1320,5280,5120,Delivery,Cash,Dinner,19,5
ORD-01015,46237,CUST-0588,FD001,White Rice & Stew,Rice Meals,3,1800,0,5400,820,2460,2940,Walk-in,Transfer,Dinner,18,4
ORD-01028,46237,CUST-0117,FD001,White Rice & Stew,Rice Meals,3,1800,0,5400,820,2460,2940,Walk-in,Cash,Dinner,20,4
ORD-01172,46237,CUST-0387,FD007,Amala & Ewedu,Swallow,4,2500,0.05,9500,1250,5000,4500,Walk-in,Cash,Lunch,15,5
ORD-01535,46237,CUST-0181,FD006,Eba & Egusi Soup,Swallow,3,2600,0,7800,1320,3960,3840,Takeaway,Cash,Dinner,19,4
ORD-01603,46237,CUST-0470,FD006,Eba & Egusi Soup,Swallow,1,2600,0,2600,1320,1320,1280,Walk-in,Transfer,Dinner,19,5
ORD-01752,46237,CUST-0072,FD003,Fried Rice & Chicken,Rice Meals,1,3000,0,3000,1580,1580,1420,Takeaway,POS,Lunch,12,5
ORD-00383,46238,CUST-0409,FD008,Pounded Yam & Vegetable Soup,Swallow,1,3200,0,3200,1710,1710,1490,Delivery,Cash,Lunch,14,5
ORD-00417,46238,CUST-0574,FD001,White Rice & Stew,Rice Meals,3,1800,0,5400,820,2460,2940,Walk-in,Transfer,Breakfast,8,5
ORD-00567,46238,CUST-0450,FD004,Beans & Plantain,Traditional Meals,4,2000,0.1,7200,960,3840,3360,Walk-in,POS,Dinner,18,5
ORD-00883,46238,CUST-0006,FD004,Beans & Plantain,Traditional Meals,2,2000,0,4000,960,1920,2080,Walk-in,Transfer,Lunch,12,5
ORD-01317,46238,CUST-0171,FD002,Jollof Rice & Chicken,Rice Meals,2,2800,0,5600,1450,2900,2700,Takeaway,POS,Lunch,14,5
ORD-01544,46238,CUST-0573,FD006,Eba & Egusi Soup,Swallow,4,2600,0,10400,1320,5280,5120,Takeaway,Transfer,Breakfast,8,4
ORD-01787,46238,CUST-0508,FD006,Eba & Egusi Soup,Swallow,2,2600,0,5200,1320,2640,2560,Walk-in,Transfer,Lunch,15,4
ORD-00493,46239,CUST-0427,FD001,White Rice & Stew,Rice Meals,4,1800,0.05,6840,820,3280,3560,Walk-in,POS,Breakfast,8,4
ORD-01593,46239,CUST-0184,FD001,White Rice & Stew,Rice Meals,2,1800,0,3600,820,1640,1960,Walk-in,Cash,Lunch,15,4
ORD-01691,46239,CUST-0624,FD005,Yam Porridge,Traditional Meals,3,2200,0,6600,1050,3150,3450,Takeaway,Transfer,Lunch,11,5
ORD-00341,46240,CUST-0042,FD005,Yam Porridge,Traditional Meals,3,2200,0,6600,1050,3150,3450,Walk-in,Transfer,Dinner,20,4
ORD-00827,46240,CUST-0214,FD001,White Rice & Stew,Rice Meals,3,1800,0,5400,820,2460,2940,Delivery,Cash,Lunch,13,5
ORD-01391,46240,CUST-0346,FD004,Beans & Plantain,Traditional Meals,1,2000,0,2000,960,960,1040,Walk-in,Transfer,Breakfast,8,3
ORD-01467,46240,CUST-0632,FD002,Jollof Rice & Chicken,Rice Meals,3,2800,0.05,7980,1450,4350,3630,Walk-in,Cash,Breakfast,9,5
ORD-01584,46240,CUST-0144,FD003,Fried Rice & Chicken,Rice Meals,3,3000,0,9000,1580,4740,4260,Delivery,Cash,Lunch,11,5
ORD-00166,46241,CUST-0080,FD010,Soft Drink,Beverages,2,600,0,1200,280,560,640,Takeaway,Cash,Lunch,11,5
ORD-00482,46241,CUST-0293,FD004,Beans & Plantain,Traditional Meals,3,2000,0.1,5400,960,2880,2520,Walk-in,Cash,Lunch,15,4
ORD-01133,46241,CUST-0586,FD009,Moi Moi,Sides,4,900,0,3600,380,1520,2080,Takeaway,Transfer,Lunch,12,
ORD-01307,46241,CUST-0198,FD003,Fried Rice & Chicken,Rice Meals,1,3000,0,3000,1580,1580,1420,Walk-in,POS,Dinner,18,5
ORD-01553,46241,CUST-0137,FD001,White Rice & Stew,Rice Meals,3,1800,0,5400,820,2460,2940,Takeaway,POS,Lunch,11,4
ORD-00034,46242,CUST-0232,FD005,Yam Porridge,Traditional Meals,1,2200,0,2200,1050,1050,1150,Delivery,Transfer,Lunch,12,4
ORD-00526,46242,CUST-0016,FD001,White Rice & Stew,Rice Meals,4,1800,0,7200,820,3280,3920,Walk-in,Cash,Lunch,13,4
ORD-00635,46242,CUST-0233,FD003,Fried Rice & Chicken,Rice Meals,4,3000,0.1,10800,1580,6320,4480,Walk-in,Transfer,Dinner,20,4
ORD-00731,46242,CUST-0313,FD002,Jollof Rice & Chicken,Rice Meals,3,2800,0,8400,1450,4350,4050,Walk-in,Transfer,Lunch,15,5
ORD-00872,46242,CUST-0415,FD012,Fried Plantain,Sides,2,700,0,1400,300,600,800,Takeaway,POS,Lunch,15,5
ORD-01008,46242,CUST-0473,FD012,Fried Plantain,Sides,4,700,0,2800,300,1200,1600,Delivery,Cash,Breakfast,10,4
ORD-01102,46242,CUST-0346,FD012,Fried Plantain,Sides,2,700,0,1400,300,600,800,Takeaway,POS,Lunch,12,4
ORD-01142,46242,CUST-0600,FD003,Fried Rice & Chicken,Rice Meals,2,3000,0,6000,1580,3160,2840,Walk-in,POS,Breakfast,9,3
ORD-01335,46242,CUST-0254,FD003,Fried Rice & Chicken,Rice Meals,4,3000,0,12000,1580,6320,5680,Delivery,POS,Dinner,16,4
ORD-01685,46242,CUST-0553,FD004,Beans & Plantain,Traditional Meals,2,2000,0,4000,960,1920,2080,Takeaway,Transfer,Breakfast,8,4
ORD-01793,46242,CUST-0266,FD002,Jollof Rice & Chicken,Rice Meals,2,2800,0,5600,1450,2900,2700,Walk-in,POS,Breakfast,10,5
ORD-00157,46243,CUST-0599,FD011,Bottled Water,Beverages,2,300,0,600,120,240,360,Delivery,POS,Lunch,15,5
ORD-00509,46243,CUST-0159,FD001,White Rice & Stew,Rice Meals,1,1800,0,1800,820,820,980,Walk-in,Cash,Dinner,19,3
ORD-00598,46243,CUST-0545,FD010,Soft Drink,Beverages,3,600,0,1800,280,840,960,Walk-in,POS,Lunch,13,3
ORD-00906,46243,CUST-0410,FD001,White Rice & Stew,Rice Meals,3,1800,0,5400,820,2460,2940,Takeaway,Transfer,Lunch,15,4
ORD-01276,46243,CUST-0338,FD004,Beans & Plantain,Traditional Meals,2,2000,0,4000,960,1920,2080,Walk-in,POS,Dinner,19,4
ORD-00408,46244,CUST-0590,FD012,Fried Plantain,Sides,3,700,0,2100,300,900,1200,Walk-in,Cash,Dinner,18,3
ORD-00920,46244,CUST-0137,FD001,White Rice & Stew,Rice Meals,2,1800,0,3600,820,1640,1960,Delivery,Cash,Dinner,19,5
ORD-01254,46244,CUST-0543,FD012,Fried Plantain,Sides,4,700,0,2800,300,1200,1600,Takeaway,POS,Lunch,12,3
ORD-01608,46244,CUST-0470,FD011,Bottled Water,Beverages,2,300,0,600,120,240,360,Walk-in,Transfer,Dinner,20,5
ORD-01727,46244,CUST-0477,FD005,Yam Porridge,Traditional Meals,1,2200,0,2200,1050,1050,1150,Delivery,Cash,Lunch,14,3
ORD-01731,46244,CUST-0321,FD006,Eba & Egusi Soup,Swallow,4,2600,0,10400,1320,5280,5120,Takeaway,Transfer,Dinner,16,
ORD-00466,46245,CUST-0583,FD005,Yam Porridge,Traditional Meals,2,2200,0,4400,1050,2100,2300,Delivery,Transfer,Lunch,11,
ORD-00478,46245,CUST-0396,FD003,Fried Rice & Chicken,Rice Meals,3,3000,0,9000,1580,4740,4260,Walk-in,POS,Breakfast,9,4
ORD-00784,46245,CUST-0318,FD005,Yam Porridge,Traditional Meals,4,2200,0,8800,1050,4200,4600,Delivery,Transfer,Dinner,17,5
ORD-00890,46245,CUST-0378,FD001,White Rice & Stew,Rice Meals,1,1800,0,1800,820,820,980,Walk-in,POS,Lunch,11,4
ORD-01215,46245,CUST-0296,FD005,Yam Porridge,Traditional Meals,2,2200,0,4400,1050,2100,2300,Takeaway,POS,Lunch,13,
ORD-01397,46245,CUST-0138,FD002,Jollof Rice & Chicken,Rice Meals,3,2800,0,8400,1450,4350,4050,Walk-in,POS,Lunch,12,4
ORD-01689,46245,CUST-0406,FD006,Eba & Egusi Soup,Swallow,2,2600,0,5200,1320,2640,2560,Takeaway,Transfer,Lunch,11,3
ORD-00054,46246,CUST-0252,FD008,Pounded Yam & Vegetable Soup,Swallow,1,3200,0,3200,1710,1710,1490,Delivery,Transfer,Lunch,11,4
ORD-00128,46246,CUST-0335,FD003,Fried Rice & Chicken,Rice Meals,1,3000,0,3000,1580,1580,1420,Delivery,Transfer,Lunch,12,5
ORD-00301,46246,CUST-0550,FD001,White Rice & Stew,Rice Meals,2,1800,0,3600,820,1640,1960,Walk-in,Transfer,Lunch,12,5
ORD-01196,46246,CUST-0218,FD008,Pounded Yam & Vegetable Soup,Swallow,2,3200,0,6400,1710,3420,2980,Takeaway,Transfer,Lunch,13,3
ORD-01230,46246,CUST-0543,FD004,Beans & Plantain,Traditional Meals,1,2000,0,2000,960,960,1040,Delivery,Transfer,Lunch,14,4
ORD-01524,46246,CUST-0211,FD008,Pounded Yam & Vegetable Soup,Swallow,2,3200,0,6400,1710,3420,2980,Delivery,POS,Lunch,12,3
ORD-00255,46247,CUST-0372,FD010,Soft Drink,Beverages,1,600,0,600,280,280,320,Delivery,POS,Lunch,12,3
ORD-00349,46247,CUST-0497,FD005,Yam Porridge,Traditional Meals,3,2200,0,6600,1050,3150,3450,Delivery,Cash,Dinner,20,5
ORD-00745,46247,CUST-0641,FD012,Fried Plantain,Sides,1,700,0,700,300,300,400,Takeaway,POS,Lunch,15,5
ORD-00796,46247,CUST-0130,FD004,Beans & Plantain,Traditional Meals,4,2000,0,8000,960,3840,4160,Delivery,Cash,Lunch,14,3
ORD-01085,46247,CUST-0201,FD002,Jollof Rice & Chicken,Rice Meals,4,2800,0,11200,1450,5800,5400,Walk-in,Cash,Lunch,14,3
ORD-01344,46247,CUST-0449,FD002,Jollof Rice & Chicken,Rice Meals,3,2800,0,8400,1450,4350,4050,Walk-in,POS,Lunch,13,4
ORD-01510,46247,CUST-0054,FD012,Fried Plantain,Sides,2,700,0,1400,300,600,800,Takeaway,Transfer,Lunch,15,5
ORD-00921,46248,CUST-0326,FD008,Pounded Yam & Vegetable Soup,Swallow,3,3200,0,9600,1710,5130,4470,Takeaway,POS,Dinner,16,5
ORD-01001,46248,CUST-0374,FD002,Jollof Rice & Chicken,Rice Meals,2,2800,0,5600,1450,2900,2700,Walk-in,POS,Lunch,12,5
ORD-01677,46248,CUST-0571,FD003,Fried Rice & Chicken,Rice Meals,2,3000,0,6000,1580,3160,2840,Takeaway,POS,Lunch,15,5
ORD-01705,46248,CUST-0633,FD011,Bottled Water,Beverages,4,300,0,1200,120,480,720,Takeaway,Transfer,Dinner,16,3
ORD-00163,46249,CUST-0225,FD001,White Rice & Stew,Rice Meals,2,1800,0,3600,820,1640,1960,Walk-in,Cash,Lunch,15,5
ORD-00210,46249,CUST-0168,FD006,Eba & Egusi Soup,Swallow,1,2600,0,2600,1320,1320,1280,Walk-in,Transfer,Dinner,20,3
ORD-00942,46249,CUST-0187,FD002,Jollof Rice & Chicken,Rice Meals,1,2800,0.05,2660,1450,1450,1210,Takeaway,POS,Lunch,13,4
ORD-01567,46249,CUST-0383,FD004,Beans & Plantain,Traditional Meals,2,2000,0,4000,960,1920,2080,Delivery,POS,Breakfast,9,5
ORD-01746,46250,CUST-0478,FD002,Jollof Rice & Chicken,Rice Meals,3,2800,0,8400,1450,4350,4050,Takeaway,POS,Lunch,14,4
ORD-00006,46251,CUST-0203,FD001,White Rice & Stew,Rice Meals,4,1800,0,7200,820,3280,3920,Delivery,POS,Lunch,13,4
ORD-00126,46251,CUST-0301,FD002,Jollof Rice & Chicken,Rice Meals,4,2800,0,11200,1450,5800,5400,Takeaway,Cash,Dinner,16,5
ORD-00127,46251,CUST-0362,FD004,Beans & Plantain,Traditional Meals,4,2000,0.05,7600,960,3840,3760,Walk-in,POS,Dinner,20,
ORD-00143,46251,CUST-0262,FD005,Yam Porridge,Traditional Meals,2,2200,0,4400,1050,2100,2300,Takeaway,Transfer,Lunch,12,4
ORD-00316,46251,CUST-0172,FD003,Fried Rice & Chicken,Rice Meals,2,3000,0,6000,1580,3160,2840,Walk-in,Transfer,Lunch,12,4
ORD-00610,46251,CUST-0377,FD008,Pounded Yam & Vegetable Soup,Swallow,4,3200,0,12800,1710,6840,5960,Walk-in,Cash,Dinner,17,5
ORD-00661,46251,CUST-0140,FD003,Fried Rice & Chicken,Rice Meals,4,3000,0,12000,1580,6320,5680,Walk-in,POS,Lunch,14,5
ORD-01064,46251,CUST-0051,FD005,Yam Porridge,Traditional Meals,1,2200,0,2200,1050,1050,1150,Takeaway,Cash,Lunch,13,5
ORD-01091,46251,CUST-0638,FD002,Jollof Rice & Chicken,Rice Meals,4,2800,0,11200,1450,5800,5400,Delivery,Transfer,Dinner,16,5
ORD-01131,46251,CUST-0513,FD002,Jollof Rice & Chicken,Rice Meals,2,2800,0,5600,1450,2900,2700,Walk-in,Transfer,Lunch,12,4
ORD-01158,46251,CUST-0441,FD006,Eba & Egusi Soup,Swallow,4,2600,0,10400,1320,5280,5120,Walk-in,Transfer,Lunch,11,3
ORD-01408,46251,CUST-0275,FD004,Beans & Plantain,Traditional Meals,3,2000,0,6000,960,2880,3120,Walk-in,Transfer,Lunch,11,3
ORD-01415,46251,CUST-0467,FD005,Yam Porridge,Traditional Meals,1,2200,0,2200,1050,1050,1150,Walk-in,POS,Lunch,14,5
ORD-00180,46252,CUST-0366,FD001,White Rice & Stew,Rice Meals,4,1800,0.05,6840,820,3280,3560,Walk-in,Transfer,Lunch,15,4
ORD-00289,46252,CUST-0389,FD004,Beans & Plantain,Traditional Meals,4,2000,0,8000,960,3840,4160,Walk-in,Transfer,Lunch,15,5
ORD-01263,46252,CUST-0276,FD001,White Rice & Stew,Rice Meals,2,1800,0,3600,820,1640,1960,Walk-in,Transfer,Lunch,12,5
ORD-00045,46253,CUST-0005,FD004,Beans & Plantain,Traditional Meals,4,2000,0,8000,960,3840,4160,Walk-in,POS,Lunch,11,4
ORD-00434,46253,CUST-0555,FD008,Pounded Yam & Vegetable Soup,Swallow,1,3200,0,3200,1710,1710,1490,Takeaway,Cash,Lunch,13,3
ORD-00611,46253,CUST-0304,FD007,Amala & Ewedu,Swallow,2,2500,0.1,4500,1250,2500,2000,Takeaway,Transfer,Dinner,17,4
ORD-01027,46253,CUST-0391,FD004,Beans & Plantain,Traditional Meals,1,2000,0,2000,960,960,1040,Walk-in,Transfer,Lunch,13,4
ORD-01332,46253,CUST-0252,FD003,Fried Rice & Chicken,Rice Meals,1,3000,0,3000,1580,1580,1420,Walk-in,Transfer,Lunch,12,5
ORD-01345,46253,CUST-0313,FD003,Fried Rice & Chicken,Rice Meals,4,3000,0,12000,1580,6320,5680,Walk-in,Cash,Lunch,12,4
ORD-01600,46253,CUST-0388,FD003,Fried Rice & Chicken,Rice Meals,3,3000,0,9000,1580,4740,4260,Walk-in,POS,Lunch,15,3
ORD-01790,46253,CUST-0148,FD010,Soft Drink,Beverages,3,600,0.05,1710,280,840,870,Walk-in,POS,Lunch,15,3
ORD-00735,46254,CUST-0335,FD002,Jollof Rice & Chicken,Rice Meals,1,2800,0,2800,1450,1450,1350,Takeaway,POS,Dinner,20,4
ORD-00961,46254,CUST-0600,FD004,Beans & Plantain,Traditional Meals,2,2000,0,4000,960,1920,2080,Takeaway,Cash,Dinner,19,4
ORD-01074,46254,CUST-0293,FD006,Eba & Egusi Soup,Swallow,4,2600,0,10400,1320,5280,5120,Walk-in,Cash,Dinner,20,5
ORD-01145,46254,CUST-0458,FD007,Amala & Ewedu,Swallow,4,2500,0,10000,1250,5000,5000,Walk-in,Transfer,Breakfast,10,4
ORD-01166,46254,CUST-0582,FD002,Jollof Rice & Chicken,Rice Meals,4,2800,0,11200,1450,5800,5400,Walk-in,POS,Lunch,12,4
ORD-01559,46254,CUST-0486,FD004,Beans & Plantain,Traditional Meals,1,2000,0,2000,960,960,1040,Takeaway,POS,Lunch,13,5
ORD-01703,46254,CUST-0287,FD009,Moi Moi,Sides,3,900,0.05,2565,380,1140,1425,Walk-in,POS,Lunch,13,5
ORD-01741,46254,CUST-0480,FD006,Eba & Egusi Soup,Swallow,4,2600,0,10400,1320,5280,5120,Takeaway,POS,Lunch,13,3
ORD-00049,46255,CUST-0064,FD012,Fried Plantain,Sides,4,700,0,2800,300,1200,1600,Takeaway,POS,Lunch,12,4
ORD-00096,46255,CUST-0103,FD002,Jollof Rice & Chicken,Rice Meals,2,2800,0,5600,1450,2900,2700,Delivery,Transfer,Lunch,13,5
ORD-00154,46255,CUST-0194,FD011,Bottled Water,Beverages,2,300,0,600,120,240,360,Walk-in,Transfer,Dinner,16,3
ORD-00438,46255,CUST-0203,FD005,Yam Porridge,Traditional Meals,3,2200,0,6600,1050,3150,3450,Walk-in,POS,Lunch,13,5
ORD-01277,46255,CUST-0093,FD004,Beans & Plantain,Traditional Meals,1,2000,0,2000,960,960,1040,Walk-in,Transfer,Dinner,18,4
ORD-01353,46255,CUST-0415,FD007,Amala & Ewedu,Swallow,1,2500,0,2500,1250,1250,1250,Takeaway,Cash,Lunch,14,4
ORD-01772,46255,CUST-0421,FD012,Fried Plantain,Sides,1,700,0,700,300,300,400,Walk-in,Transfer,Breakfast,8,4
ORD-00292,46256,CUST-0543,FD008,Pounded Yam & Vegetable Soup,Swallow,4,3200,0,12800,1710,6840,5960,Walk-in,POS,Breakfast,9,4
ORD-00708,46256,CUST-0104,FD008,Pounded Yam & Vegetable Soup,Swallow,3,3200,0,9600,1710,5130,4470,Takeaway,POS,Dinner,18,4
ORD-00869,46256,CUST-0235,FD002,Jollof Rice & Chicken,Rice Meals,3,2800,0,8400,1450,4350,4050,Walk-in,POS,Lunch,15,3
ORD-01523,46256,CUST-0293,FD009,Moi Moi,Sides,1,900,0,900,380,380,520,Walk-in,POS,Lunch,12,5
ORD-01686,46256,CUST-0508,FD010,Soft Drink,Beverages,3,600,0.05,1710,280,840,870,Takeaway,POS,Dinner,18,5
ORD-00009,46257,CUST-0191,FD001,White Rice & Stew,Rice Meals,2,1800,0,3600,820,1640,1960,Takeaway,Transfer,Lunch,11,5
ORD-00124,46257,CUST-0258,FD003,Fried Rice & Chicken,Rice Meals,4,3000,0,12000,1580,6320,5680,Takeaway,Cash,Dinner,20,4
ORD-00169,46257,CUST-0412,FD003,Fried Rice & Chicken,Rice Meals,3,3000,0,9000,1580,4740,4260,Delivery,Cash,Lunch,13,5
ORD-00994,46257,CUST-0449,FD005,Yam Porridge,Traditional Meals,4,2200,0,8800,1050,4200,4600,Walk-in,Transfer,Dinner,20,4
ORD-01300,46257,CUST-0317,FD003,Fried Rice & Chicken,Rice Meals,2,3000,0,6000,1580,3160,2840,Walk-in,Cash,Dinner,17,4
ORD-01783,46257,CUST-0320,FD002,Jollof Rice & Chicken,Rice Meals,1,2800,0,2800,1450,1450,1350,Delivery,POS,Dinner,17,4
ORD-00172,46258,CUST-0225,FD001,White Rice & Stew,Rice Meals,4,1800,0,7200,820,3280,3920,Walk-in,Transfer,Dinner,20,4
ORD-00297,46258,CUST-0342,FD009,Moi Moi,Sides,1,900,0,900,380,380,520,Walk-in,Transfer,Dinner,19,5
ORD-00531,46258,CUST-0037,FD004,Beans & Plantain,Traditional Meals,3,2000,0,6000,960,2880,3120,Walk-in,Transfer,Dinner,20,4
ORD-00578,46258,CUST-0192,FD003,Fried Rice & Chicken,Rice Meals,4,3000,0,12000,1580,6320,5680,Walk-in,Cash,Dinner,19,4
ORD-00602,46258,CUST-0228,FD004,Beans & Plantain,Traditional Meals,1,2000,0,2000,960,960,1040,Walk-in,Cash,Lunch,11,5
ORD-00841,46258,CUST-0469,FD003,Fried Rice & Chicken,Rice Meals,1,3000,0,3000,1580,1580,1420,Walk-in,POS,Breakfast,8,4
ORD-01140,46258,CUST-0650,FD010,Soft Drink,Beverages,4,600,0.05,2280,280,1120,1160,Walk-in,Cash,Lunch,14,
ORD-01501,46258,CUST-0231,FD005,Yam Porridge,Traditional Meals,1,2200,0,2200,1050,1050,1150,Walk-in,POS,Lunch,15,3
ORD-01687,46258,CUST-0582,FD010,Soft Drink,Beverages,1,600,0,600,280,280,320,Delivery,Transfer,Lunch,11,5
ORD-01690,46258,CUST-0264,FD012,Fried Plantain,Sides,3,700,0,2100,300,900,1200,Walk-in,Transfer,Dinner,18,5
ORD-01799,46258,CUST-0539,FD001,White Rice & Stew,Rice Meals,3,1800,0.05,5130,820,2460,2670,Walk-in,Cash,Dinner,19,5
ORD-00257,46259,CUST-0168,FD003,Fried Rice & Chicken,Rice Meals,4,3000,0.05,11400,1580,6320,5080,Takeaway,POS,Dinner,20,5
ORD-00707,46259,CUST-0230,FD007,Amala & Ewedu,Swallow,1,2500,0,2500,1250,1250,1250,Walk-in,Transfer,Dinner,17,
ORD-00896,46259,CUST-0350,FD009,Moi Moi,Sides,3,900,0,2700,380,1140,1560,Walk-in,POS,Breakfast,8,5
ORD-01061,46259,CUST-0283,FD007,Amala & Ewedu,Swallow,4,2500,0,10000,1250,5000,5000,Delivery,Transfer,Lunch,12,4
ORD-01543,46259,CUST-0105,FD003,Fried Rice & Chicken,Rice Meals,2,3000,0,6000,1580,3160,2840,Takeaway,POS,Breakfast,8,
ORD-01652,46259,CUST-0250,FD006,Eba & Egusi Soup,Swallow,2,2600,0.1,4680,1320,2640,2040,Walk-in,Transfer,Lunch,13,4
ORD-00487,46260,CUST-0256,FD001,White Rice & Stew,Rice Meals,4,1800,0.05,6840,820,3280,3560,Walk-in,Transfer,Lunch,11,4
ORD-00499,46260,CUST-0459,FD001,White Rice & Stew,Rice Meals,3,1800,0,5400,820,2460,2940,Delivery,Cash,Lunch,11,5
ORD-00534,46260,CUST-0310,FD002,Jollof Rice & Chicken,Rice Meals,3,2800,0,8400,1450,4350,4050,Walk-in,Cash,Lunch,13,5
ORD-00766,46260,CUST-0081,FD008,Pounded Yam & Vegetable Soup,Swallow,3,3200,0,9600,1710,5130,4470,Walk-in,Transfer,Dinner,20,4
ORD-00821,46260,CUST-0422,FD011,Bottled Water,Beverages,3,300,0,900,120,360,540,Walk-in,Transfer,Lunch,15,5
ORD-01012,46260,CUST-0030,FD011,Bottled Water,Beverages,4,300,0,1200,120,480,720,Walk-in,Cash,Dinner,17,5
ORD-01056,46260,CUST-0452,FD002,Jollof Rice & Chicken,Rice Meals,4,2800,0,11200,1450,5800,5400,Walk-in,POS,Lunch,14,5
ORD-01094,46260,CUST-0559,FD012,Fried Plantain,Sides,2,700,0,1400,300,600,800,Walk-in,Cash,Lunch,14,5
ORD-01343,46260,CUST-0409,FD001,White Rice & Stew,Rice Meals,2,1800,0,3600,820,1640,1960,Walk-in,Transfer,Lunch,12,3
ORD-00014,46261,CUST-0473,FD004,Beans & Plantain,Traditional Meals,4,2000,0,8000,960,3840,4160,Walk-in,POS,Lunch,11,3
ORD-00082,46261,CUST-0591,FD006,Eba & Egusi Soup,Swallow,3,2600,0,7800,1320,3960,3840,Walk-in,Transfer,Lunch,14,4
ORD-00104,46261,CUST-0102,FD005,Yam Porridge,Traditional Meals,4,2200,0.05,8360,1050,4200,4160,Walk-in,POS,Dinner,20,4
ORD-00421,46261,CUST-0352,FD004,Beans & Plantain,Traditional Meals,3,2000,0,6000,960,2880,3120,Walk-in,Cash,Lunch,11,3
ORD-00773,46261,CUST-0407,FD005,Yam Porridge,Traditional Meals,4,2200,0,8800,1050,4200,4600,Walk-in,Cash,Breakfast,8,4
ORD-00911,46261,CUST-0544,FD008,Pounded Yam & Vegetable Soup,Swallow,2,3200,0,6400,1710,3420,2980,Takeaway,Transfer,Lunch,14,
ORD-01346,46261,CUST-0187,FD002,Jollof Rice & Chicken,Rice Meals,1,2800,0,2800,1450,1450,1350,Walk-in,Transfer,Lunch,13,4
ORD-00429,46262,CUST-0087,FD006,Eba & Egusi Soup,Swallow,4,2600,0,10400,1320,5280,5120,Takeaway,POS,Lunch,11,5
ORD-00455,46262,CUST-0218,FD002,Jollof Rice & Chicken,Rice Meals,4,2800,0,11200,1450,5800,5400,Walk-in,Cash,Lunch,11,
ORD-00791,46262,CUST-0415,FD003,Fried Rice & Chicken,Rice Meals,3,3000,0,9000,1580,4740,4260,Takeaway,Transfer,Lunch,14,4
ORD-00955,46262,CUST-0081,FD002,Jollof Rice & Chicken,Rice Meals,2,2800,0,5600,1450,2900,2700,Takeaway,Cash,Lunch,13,5
ORD-01426,46262,CUST-0317,FD004,Beans & Plantain,Traditional Meals,2,2000,0,4000,960,1920,2080,Delivery,POS,Lunch,14,4
ORD-01428,46262,CUST-0587,FD007,Amala & Ewedu,Swallow,2,2500,0,5000,1250,2500,2500,Walk-in,Transfer,Lunch,12,5
ORD-01586,46262,CUST-0500,FD004,Beans & Plantain,Traditional Meals,2,2000,0,4000,960,1920,2080,Takeaway,POS,Lunch,15,4
ORD-01757,46262,CUST-0163,FD001,White Rice & Stew,Rice Meals,4,1800,0,7200,820,3280,3920,Delivery,POS,Dinner,16,4
ORD-00268,46263,CUST-0034,FD005,Yam Porridge,Traditional Meals,2,2200,0,4400,1050,2100,2300,Delivery,Transfer,Lunch,13,4
ORD-00404,46263,CUST-0311,FD008,Pounded Yam & Vegetable Soup,Swallow,4,3200,0,12800,1710,6840,5960,Walk-in,Cash,Dinner,17,4
ORD-00514,46263,CUST-0356,FD006,Eba & Egusi Soup,Swallow,3,2600,0,7800,1320,3960,3840,Walk-in,POS,Lunch,14,5
ORD-00529,46263,CUST-0216,FD008,Pounded Yam & Vegetable Soup,Swallow,2,3200,0,6400,1710,3420,2980,Takeaway,POS,Breakfast,8,5
ORD-01002,46263,CUST-0401,FD010,Soft Drink,Beverages,1,600,0,600,280,280,320,Delivery,Cash,Lunch,15,3
ORD-01021,46263,CUST-0241,FD011,Bottled Water,Beverages,1,300,0,300,120,120,180,Walk-in,Cash,Dinner,18,5
ORD-01270,46263,CUST-0068,FD002,Jollof Rice & Chicken,Rice Meals,3,2800,0,8400,1450,4350,4050,Walk-in,POS,Breakfast,10,5
ORD-01348,46263,CUST-0048,FD006,Eba & Egusi Soup,Swallow,4,2600,0,10400,1320,5280,5120,Delivery,Cash,Breakfast,9,4
ORD-01672,46263,CUST-0435,FD009,Moi Moi,Sides,4,900,0,3600,380,1520,2080,Walk-in,Transfer,Breakfast,9,5
ORD-01246,46264,CUST-0093,FD011,Bottled Water,Beverages,3,300,0,900,120,360,540,Takeaway,Transfer,Lunch,11,4
ORD-01398,46264,CUST-0200,FD001,White Rice & Stew,Rice Meals,2,1800,0,3600,820,1640,1960,Takeaway,Transfer,Lunch,11,5
ORD-01459,46264,CUST-0611,FD004,Beans & Plantain,Traditional Meals,4,2000,0,8000,960,3840,4160,Walk-in,POS,Lunch,15,5
ORD-00074,46265,CUST-0597,FD010,Soft Drink,Beverages,3,600,0,1800,280,840,960,Takeaway,Transfer,Lunch,13,4
ORD-00207,46265,CUST-0642,FD004,Beans & Plantain,Traditional Meals,4,2000,0,8000,960,3840,4160,Walk-in,Cash,Breakfast,9,4
ORD-00226,46265,CUST-0195,FD006,Eba & Egusi Soup,Swallow,2,2600,0.1,4680,1320,2640,2040,Walk-in,Transfer,Dinner,19,5
ORD-00251,46265,CUST-0186,FD003,Fried Rice & Chicken,Rice Meals,4,3000,0,12000,1580,6320,5680,Walk-in,POS,Lunch,15,4
ORD-00335,46265,CUST-0316,FD010,Soft Drink,Beverages,1,600,0,600,280,280,320,Takeaway,Cash,Lunch,13,4
ORD-00419,46265,CUST-0411,FD004,Beans & Plantain,Traditional Meals,3,2000,0,6000,960,2880,3120,Takeaway,Transfer,Lunch,14,5
ORD-00983,46265,CUST-0292,FD005,Yam Porridge,Traditional Meals,2,2200,0,4400,1050,2100,2300,Walk-in,Transfer,Breakfast,8,3
ORD-00986,46265,CUST-0593,FD003,Fried Rice & Chicken,Rice Meals,2,3000,0,6000,1580,3160,2840,Takeaway,Transfer,Lunch,13,5
ORD-01180,46265,CUST-0504,FD007,Amala & Ewedu,Swallow,3,2500,0,7500,1250,3750,3750,Delivery,POS,Lunch,13,5
ORD-01204,46265,CUST-0548,FD001,White Rice & Stew,Rice Meals,4,1800,0,7200,820,3280,3920,Takeaway,POS,Lunch,13,5
ORD-01231,46265,CUST-0420,FD002,Jollof Rice & Chicken,Rice Meals,4,2800,0,11200,1450,5800,5400,Delivery,POS,Lunch,14,5
ORD-01337,46265,CUST-0148,FD012,Fried Plantain,Sides,4,700,0,2800,300,1200,1600,Takeaway,Transfer,Lunch,13,4
ORD-01351,46265,CUST-0302,FD003,Fried Rice & Chicken,Rice Meals,2,3000,0,6000,1580,3160,2840,Walk-in,POS,Lunch,14,4
